Date,Avg Temperature
2010-01-01,55.7
2010-01-02,50.6
2010-01-03,52.8
2010-01-04,51.0
2010-01-05,53.1
2010-01-06,54.4
2010-01-07,53.0
2010-01-08,50.2
2010-01-09,51.7
2010-01-10,46.8
2010-01-11,48.4
2010-01-12,49.6
2010-01-13,50.6
2010-01-14,49.9
2010-01-15,51.6
2010-01-16,53.7
2010-01-17,50.7
2010-01-18,53.1
2010-01-19,53.0
2010-01-20,51.3
2010-01-21,51.9
2010-01-22,54.3
2010-01-23,57.8
2010-01-24,60.8
2010-01-25,63.9
2010-01-26,56.1
2010-01-27,60.3
2010-01-28,67.0
2010-01-29,66.4
2010-01-30,61.0
2010-01-31,61.7
2010-02-01,61.3
2010-02-02,60.7
2010-02-03,60.6
2010-02-04,60.3
2010-02-05,62.3
2010-02-06,67.2
2010-02-07,72.8
2010-02-08,66.9
2010-02-09,63.0
2010-02-10,61.2
2010-02-11,60.9
2010-02-12,62.5
2010-02-13,64.4
2010-02-14,61.8
2010-02-15,61.1
2010-02-16,65.1
2010-02-17,58.9
2010-02-18,61.8
2010-02-19,62.9
2010-02-20,63.9
2010-02-21,67.0
2010-02-22,71.7
2010-02-23,70.7
2010-02-24,70.3
2010-02-25,68.8
2010-02-26,72.2
2010-02-27,74.2
2010-02-28,76.9
2010-03-01,78.6
2010-03-02,76.1
2010-03-03,75.9
2010-03-04,76.0
2010-03-05,72.5
2010-03-06,74.7
2010-03-07,71.3
2010-03-08,68.1
2010-03-09,71.1
2010-03-10,71.7
2010-03-11,73.0
2010-03-12,75.2
2010-03-13,75.4
2010-03-14,75.9
2010-03-15,77.3
2010-03-16,79.5
2010-03-17,80.6
2010-03-18,81.7
2010-03-19,80.8
2010-03-20,82.3
2010-03-21,86.1
2010-03-22,86.2
2010-03-23,87.2
2010-03-24,87.7
2010-03-25,85.0
2010-03-26,87.6
2010-03-27,86.4
2010-03-28,83.9
2010-03-29,86.6
2010-03-30,89.1
2010-03-31,88.3
2010-04-01,85.9
2010-04-02,88.0
2010-04-03,87.7
2010-04-04,91.1
2010-04-05,82.5
2010-04-06,84.6
2010-04-07,87.2
2010-04-08,90.5
2010-04-09,91.1
2010-04-10,91.9
2010-04-11,93.3
2010-04-12,94.7
2010-04-13,92.2
2010-04-14,93.3
2010-04-15,94.6
2010-04-16,96.1
2010-04-17,97.6
2010-04-18,99.0
2010-04-19,97.7
2010-04-20,96.3
2010-04-21,95.8
2010-04-22,93.5
2010-04-23,90.9
2010-04-24,90.1
2010-04-25,91.6
2010-04-26,94.7
2010-04-27,94.7
2010-04-28,92.9
2010-04-29,91.1
2010-04-30,94.0
2010-05-01,87.0
2010-05-02,87.6
2010-05-03,89.7
2010-05-04,93.3
2010-05-05,95.0
2010-05-06,90.1
2010-05-07,83.9
2010-05-08,88.6
2010-05-09,90.8
2010-05-10,94.0
2010-05-11,94.9
2010-05-12,95.9
2010-05-13,100.4
2010-05-14,98.7
2010-05-15,97.4
2010-05-16,99.7
2010-05-17,101.9
2010-05-18,100.5
2010-05-19,97.3
2010-05-20,97.3
2010-05-21,94.5
2010-05-22,98.6
2010-05-23,98.4
2010-05-24,99.5
2010-05-25,98.7
2010-05-26,101.9
2010-05-27,99.6
2010-05-28,90.8
2010-05-29,86.1
2010-05-30,92.3
2010-05-31,99.2
2010-06-01,100.6
2010-06-02,101.6
2010-06-03,92.2
2010-06-04,92.9
2010-06-05,86.7
2010-06-06,88.4
2010-06-07,82.5
2010-06-08,75.9
2010-06-09,88.9
2010-06-10,92.5
2010-06-11,96.6
2010-06-12,99.0
2010-06-13,91.5
2010-06-14,90.5
2010-06-15,94.3
2010-06-16,92.6
2010-06-17,96.2
2010-06-18,98.1
2010-06-19,100.2
2010-06-20,101.8
2010-06-21,100.4
2010-06-22,101.6
2010-06-23,100.7
2010-06-24,91.5
2010-06-25,89.2
2010-06-26,95.9
2010-06-27,95.6
2010-06-28,92.9
2010-06-29,94.9
2010-06-30,98.7
2010-07-01,87.9
2010-07-02,92.4
2010-07-03,91.5
2010-07-04,82.5
2010-07-05,81.1
2010-07-06,84.0
2010-07-07,85.5
2010-07-08,88.8
2010-07-09,91.2
2010-07-10,91.2
2010-07-11,91.4
2010-07-12,86.5
2010-07-13,87.7
2010-07-14,91.3
2010-07-15,88.6
2010-07-16,87.4
2010-07-17,87.7
2010-07-18,90.3
2010-07-19,85.6
2010-07-20,81.0
2010-07-21,84.6
2010-07-22,84.8
2010-07-23,86.5
2010-07-24,88.5
2010-07-25,87.4
2010-07-26,89.7
2010-07-27,81.4
2010-07-28,85.7
2010-07-29,84.7
2010-07-30,84.1
2010-07-31,79.1
2010-08-01,81.1
2010-08-02,84.2
2010-08-03,82.8
2010-08-04,84.2
2010-08-05,82.2
2010-08-06,88.1
2010-08-07,87.9
2010-08-08,89.2
2010-08-09,88.5
2010-08-10,87.6
2010-08-11,82.9
2010-08-12,83.7
2010-08-13,84.9
2010-08-14,82.9
2010-08-15,84.5
2010-08-16,84.3
2010-08-17,86.0
2010-08-18,83.6
2010-08-19,80.8
2010-08-20,82.5
2010-08-21,80.8
2010-08-22,80.0
2010-08-23,83.9
2010-08-24,82.0
2010-08-25,81.5
2010-08-26,84.3
2010-08-27,81.3
2010-08-28,85.7
2010-08-29,86.8
2010-08-30,87.3
2010-08-31,86.3
2010-09-01,83.8
2010-09-02,84.0
2010-09-03,82.0
2010-09-04,82.2
2010-09-05,80.1
2010-09-06,83.7
2010-09-07,83.5
2010-09-08,82.2
2010-09-09,83.4
2010-09-10,84.3
2010-09-11,82.3
2010-09-12,79.4
2010-09-13,80.0
2010-09-14,82.3
2010-09-15,81.2
2010-09-16,82.1
2010-09-17,81.6
2010-09-18,80.5
2010-09-19,72.9
2010-09-20,76.0
2010-09-21,78.8
2010-09-22,78.3
2010-09-23,78.0
2010-09-24,80.8
2010-09-25,82.1
2010-09-26,81.1
2010-09-27,80.0
2010-09-28,78.6
2010-09-29,81.4
2010-09-30,84.1
2010-10-01,81.9
2010-10-02,82.5
2010-10-03,83.0
2010-10-04,83.0
2010-10-05,80.7
2010-10-06,82.7
2010-10-07,80.5
2010-10-08,82.6
2010-10-09,80.2
2010-10-10,80.8
2010-10-11,81.7
2010-10-12,81.9
2010-10-13,81.8
2010-10-14,80.8
2010-10-15,81.6
2010-10-16,82.8
2010-10-17,81.7
2010-10-18,81.9
2010-10-19,82.6
2010-10-20,81.4
2010-10-21,80.1
2010-10-22,76.7
2010-10-23,75.5
2010-10-24,73.8
2010-10-25,73.3
2010-10-26,75.0
2010-10-27,73.6
2010-10-28,73.0
2010-10-29,73.4
2010-10-30,74.3
2010-10-31,75.1
2010-11-01,71.3
2010-11-02,71.8
2010-11-03,70.0
2010-11-04,72.1
2010-11-05,71.4
2010-11-06,72.8
2010-11-07,73.4
2010-11-08,74.6
2010-11-09,75.4
2010-11-10,68.2
2010-11-11,71.8
2010-11-12,74.8
2010-11-13,71.0
2010-11-14,73.8
2010-11-15,71.5
2010-11-16,71.5
2010-11-17,68.2
2010-11-18,70.3
2010-11-19,66.4
2010-11-20,63.1
2010-11-21,65.4
2010-11-22,66.6
2010-11-23,65.9
2010-11-24,64.0
2010-11-25,66.6
2010-11-26,64.8
2010-11-27,65.1
2010-11-28,64.0
2010-11-29,62.1
2010-11-30,62.1
2010-12-01,60.6
2010-12-02,61.4
2010-12-03,59.4
2010-12-04,59.4
2010-12-05,60.6
2010-12-06,57.9
2010-12-07,59.5
2010-12-08,58.6
2010-12-09,59.7
2010-12-10,56.4
2010-12-11,54.2
2010-12-12,58.4
2010-12-13,59.0
2010-12-14,57.8
2010-12-15,58.4
2010-12-16,59.9
2010-12-17,60.8
2010-12-18,56.3
2010-12-19,55.6
2010-12-20,55.0
2010-12-21,55.1
2010-12-22,59.3
2010-12-23,59.4
2010-12-24,60.4
2010-12-25,51.7
2010-12-26,51.2
2010-12-27,52.7
2010-12-28,53.3
2010-12-29,58.8
2010-12-30,59.7
2010-12-31,55.2
2011-01-01,51.1
2011-01-02,51.0
2011-01-03,50.0
2011-01-04,45.5
2011-01-05,46.4
2011-01-06,45.7
2011-01-07,48.1
2011-01-08,46.3
2011-01-09,45.2
2011-01-10,47.9
2011-01-11,52.1
2011-01-12,54.2
2011-01-13,60.7
2011-01-14,62.7
2011-01-15,57.6
2011-01-16,52.5
2011-01-17,54.6
2011-01-18,56.8
2011-01-19,51.8
2011-01-20,55.7
2011-01-21,59.4
2011-01-22,61.5
2011-01-23,60.3
2011-01-24,57.0
2011-01-25,59.8
2011-01-26,60.0
2011-01-27,53.3
2011-01-28,54.9
2011-01-29,58.4
2011-01-30,59.6
2011-01-31,57.6
2011-02-01,55.6
2011-02-02,60.7
2011-02-03,62.5
2011-02-04,65.8
2011-02-05,72.5
2011-02-06,71.0
2011-02-07,67.2
2011-02-08,60.3
2011-02-09,58.8
2011-02-10,59.4
2011-02-11,60.5
2011-02-12,66.2
2011-02-13,70.7
2011-02-14,65.1
2011-02-15,58.7
2011-02-16,61.3
2011-02-17,56.8
2011-02-18,58.5
2011-02-19,62.0
2011-02-20,61.5
2011-02-21,59.1
2011-02-22,60.5
2011-02-23,65.9
2011-02-24,65.7
2011-02-25,64.0
2011-02-26,62.4
2011-02-27,63.4
2011-02-28,64.9
2011-03-01,60.5
2011-03-02,65.8
2011-03-03,63.6
2011-03-04,63.3
2011-03-05,66.1
2011-03-06,65.5
2011-03-07,67.6
2011-03-08,69.4
2011-03-09,69.1
2011-03-10,67.2
2011-03-11,68.1
2011-03-12,68.5
2011-03-13,72.5
2011-03-14,74.3
2011-03-15,76.1
2011-03-16,76.2
2011-03-17,76.6
2011-03-18,80.5
2011-03-19,79.3
2011-03-20,77.2
2011-03-21,73.4
2011-03-22,76.1
2011-03-23,80.1
2011-03-24,78.8
2011-03-25,76.7
2011-03-26,79.1
2011-03-27,82.5
2011-03-28,82.6
2011-03-29,80.4
2011-03-30,79.7
2011-03-31,82.2
2011-04-01,80.4
2011-04-02,79.1
2011-04-03,79.0
2011-04-04,77.8
2011-04-05,81.6
2011-04-06,77.8
2011-04-07,79.7
2011-04-08,79.8
2011-04-09,82.6
2011-04-10,78.9
2011-04-11,82.6
2011-04-12,79.2
2011-04-13,82.2
2011-04-14,83.9
2011-04-15,86.0
2011-04-16,84.9
2011-04-17,78.2
2011-04-18,81.1
2011-04-19,81.4
2011-04-20,82.0
2011-04-21,85.7
2011-04-22,84.6
2011-04-23,86.5
2011-04-24,90.3
2011-04-25,92.0
2011-04-26,85.0
2011-04-27,87.2
2011-04-28,92.7
2011-04-29,93.9
2011-04-30,96.7
2011-05-01,93.0
2011-05-02,92.9
2011-05-03,93.5
2011-05-04,92.6
2011-05-05,89.5
2011-05-06,85.7
2011-05-07,88.6
2011-05-08,90.6
2011-05-09,95.1
2011-05-10,96.3
2011-05-11,98.0
2011-05-12,97.3
2011-05-13,93.3
2011-05-14,94.9
2011-05-15,96.7
2011-05-16,95.6
2011-05-17,97.7
2011-05-18,99.2
2011-05-19,95.3
2011-05-20,91.6
2011-05-21,79.6
2011-05-22,78.0
2011-05-23,87.4
2011-05-24,94.9
2011-05-25,95.9
2011-05-26,89.1
2011-05-27,88.3
2011-05-28,91.8
2011-05-29,92.9
2011-05-30,92.8
2011-05-31,95.0
2011-06-01,86.0
2011-06-02,86.4
2011-06-03,92.3
2011-06-04,94.5
2011-06-05,97.4
2011-06-06,98.9
2011-06-07,96.3
2011-06-08,91.3
2011-06-09,90.0
2011-06-10,84.0
2011-06-11,91.4
2011-06-12,89.2
2011-06-13,94.5
2011-06-14,94.8
2011-06-15,86.5
2011-06-16,89.1
2011-06-17,85.2
2011-06-18,87.3
2011-06-19,87.8
2011-06-20,90.1
2011-06-21,92.5
2011-06-22,92.7
2011-06-23,92.8
2011-06-24,93.5
2011-06-25,90.2
2011-06-26,82.7
2011-06-27,82.9
2011-06-28,85.5
2011-06-29,82.5
2011-06-30,85.1
2011-07-01,87.9
2011-07-02,88.1
2011-07-03,88.6
2011-07-04,91.4
2011-07-05,87.1
2011-07-06,85.3
2011-07-07,87.6
2011-07-08,82.3
2011-07-09,83.9
2011-07-10,84.4
2011-07-11,86.7
2011-07-12,88.6
2011-07-13,89.5
2011-07-14,85.0
2011-07-15,82.7
2011-07-16,85.0
2011-07-17,85.4
2011-07-18,85.9
2011-07-19,86.6
2011-07-20,86.6
2011-07-21,86.3
2011-07-22,87.2
2011-07-23,84.8
2011-07-24,85.9
2011-07-25,85.6
2011-07-26,87.7
2011-07-27,84.3
2011-07-28,83.8
2011-07-29,86.5
2011-07-30,87.3
2011-07-31,90.7
2011-08-01,88.7
2011-08-02,91.0
2011-08-03,86.5
2011-08-04,84.1
2011-08-05,85.2
2011-08-06,84.1
2011-08-07,86.9
2011-08-08,86.7
2011-08-09,85.8
2011-08-10,83.1
2011-08-11,82.8
2011-08-12,81.6
2011-08-13,84.7
2011-08-14,82.5
2011-08-15,80.6
2011-08-16,79.8
2011-08-17,83.1
2011-08-18,86.2
2011-08-19,81.8
2011-08-20,84.6
2011-08-21,87.4
2011-08-22,90.6
2011-08-23,82.4
2011-08-24,82.2
2011-08-25,85.7
2011-08-26,85.2
2011-08-27,84.7
2011-08-28,88.0
2011-08-29,88.5
2011-08-30,87.9
2011-08-31,90.0
2011-09-01,89.0
2011-09-02,88.2
2011-09-03,86.1
2011-09-04,81.6
2011-09-05,81.4
2011-09-06,82.9
2011-09-07,82.5
2011-09-08,84.0
2011-09-09,81.0
2011-09-10,85.6
2011-09-11,85.7
2011-09-12,84.4
2011-09-13,87.2
2011-09-14,86.8
2011-09-15,78.9
2011-09-16,82.9
2011-09-17,82.7
2011-09-18,82.6
2011-09-19,83.8
2011-09-20,83.0
2011-09-21,83.6
2011-09-22,80.6
2011-09-23,81.4
2011-09-24,83.6
2011-09-25,83.8
2011-09-26,83.1
2011-09-27,83.0
2011-09-28,82.3
2011-09-29,82.0
2011-09-30,83.9
2011-10-01,79.8
2011-10-02,82.5
2011-10-03,82.9
2011-10-04,83.8
2011-10-05,83.0
2011-10-06,82.3
2011-10-07,82.6
2011-10-08,83.6
2011-10-09,81.6
2011-10-10,81.5
2011-10-11,81.1
2011-10-12,81.7
2011-10-13,81.8
2011-10-14,83.0
2011-10-15,80.5
2011-10-16,79.2
2011-10-17,78.3
2011-10-18,77.9
2011-10-19,70.7
2011-10-20,78.1
2011-10-21,74.7
2011-10-22,77.3
2011-10-23,78.3
2011-10-24,78.1
2011-10-25,76.4
2011-10-26,74.4
2011-10-27,72.4
2011-10-28,72.3
2011-10-29,73.0
2011-10-30,71.0
2011-10-31,75.8
2011-11-01,74.3
2011-11-02,75.0
2011-11-03,75.1
2011-11-04,74.2
2011-11-05,72.7
2011-11-06,72.8
2011-11-07,71.4
2011-11-08,72.1
2011-11-09,74.5
2011-11-10,75.4
2011-11-11,73.4
2011-11-12,70.6
2011-11-13,72.4
2011-11-14,70.2
2011-11-15,71.2
2011-11-16,70.1
2011-11-17,70.5
2011-11-18,71.7
2011-11-19,69.8
2011-11-20,68.4
2011-11-21,70.2
2011-11-22,70.9
2011-11-23,70.2
2011-11-24,69.1
2011-11-25,67.8
2011-11-26,66.6
2011-11-27,65.4
2011-11-28,63.9
2011-11-29,63.2
2011-11-30,66.5
2011-12-01,65.0
2011-12-02,67.0
2011-12-03,66.0
2011-12-04,65.6
2011-12-05,68.5
2011-12-06,69.2
2011-12-07,68.4
2011-12-08,71.5
2011-12-09,63.8
2011-12-10,61.4
2011-12-11,58.4
2011-12-12,58.1
2011-12-13,57.5
2011-12-14,55.6
2011-12-15,56.4
2011-12-16,54.5
2011-12-17,55.2
2011-12-18,55.8
2011-12-19,54.2
2011-12-20,53.8
2011-12-21,57.8
2011-12-22,53.6
2011-12-23,50.5
2011-12-24,50.8
2011-12-25,53.6
2011-12-26,50.8
2011-12-27,53.2
2011-12-28,55.7
2011-12-29,55.8
2011-12-30,52.2
2011-12-31,59.0
2012-01-01,60.4
2012-01-02,56.2
2012-01-03,54.7
2012-01-04,57.9
2012-01-05,57.5
2012-01-06,57.2
2012-01-07,57.0
2012-01-08,53.8
2012-01-09,51.0
2012-01-10,49.4
2012-01-11,49.6
2012-01-12,50.7
2012-01-13,52.4
2012-01-14,59.3
2012-01-15,63.8
2012-01-16,58.1
2012-01-17,48.8
2012-01-18,48.7
2012-01-19,50.5
2012-01-20,46.9
2012-01-21,51.8
2012-01-22,51.2
2012-01-23,54.0
2012-01-24,55.8
2012-01-25,58.5
2012-01-26,58.4
2012-01-27,53.1
2012-01-28,54.7
2012-01-29,53.7
2012-01-30,54.8
2012-01-31,58.1
2012-02-01,56.3
2012-02-02,58.0
2012-02-03,60.5
2012-02-04,63.6
2012-02-05,60.9
2012-02-06,57.3
2012-02-07,55.6
2012-02-08,54.8
2012-02-09,51.9
2012-02-10,54.4
2012-02-11,58.6
2012-02-12,64.6
2012-02-13,64.3
2012-02-14,61.4
2012-02-15,59.0
2012-02-16,56.8
2012-02-17,58.0
2012-02-18,58.8
2012-02-19,62.1
2012-02-20,64.0
2012-02-21,70.9
2012-02-22,72.2
2012-02-23,66.9
2012-02-24,63.1
2012-02-25,61.2
2012-02-26,58.9
2012-02-27,62.5
2012-02-28,65.2
2012-02-29,68.0
2012-03-01,70.4
2012-03-02,69.4
2012-03-03,69.2
2012-03-04,77.4
2012-03-05,78.6
2012-03-06,71.9
2012-03-07,69.9
2012-03-08,65.9
2012-03-09,66.6
2012-03-10,67.0
2012-03-11,67.7
2012-03-12,71.8
2012-03-13,67.7
2012-03-14,66.2
2012-03-15,68.1
2012-03-16,73.2
2012-03-17,78.7
2012-03-18,81.6
2012-03-19,83.6
2012-03-20,77.6
2012-03-21,66.1
2012-03-22,65.4
2012-03-23,71.5
2012-03-24,76.1
2012-03-25,77.3
2012-03-26,82.2
2012-03-27,79.7
2012-03-28,78.7
2012-03-29,78.6
2012-03-30,80.5
2012-03-31,85.6
2012-04-01,85.8
2012-04-02,88.5
2012-04-03,88.3
2012-04-04,86.4
2012-04-05,86.4
2012-04-06,87.1
2012-04-07,87.4
2012-04-08,86.2
2012-04-09,87.7
2012-04-10,84.0
2012-04-11,76.2
2012-04-12,82.4
2012-04-13,77.0
2012-04-14,74.2
2012-04-15,78.3
2012-04-16,83.4
2012-04-17,82.5
2012-04-18,81.3
2012-04-19,87.0
2012-04-20,84.9
2012-04-21,84.4
2012-04-22,82.3
2012-04-23,85.1
2012-04-24,82.5
2012-04-25,84.3
2012-04-26,77.9
2012-04-27,82.1
2012-04-28,84.9
2012-04-29,86.4
2012-04-30,86.8
2012-05-01,85.3
2012-05-02,87.5
2012-05-03,87.8
2012-05-04,90.1
2012-05-05,89.9
2012-05-06,89.8
2012-05-07,92.0
2012-05-08,91.4
2012-05-09,89.2
2012-05-10,91.3
2012-05-11,86.1
2012-05-12,85.0
2012-05-13,87.3
2012-05-14,84.3
2012-05-15,91.9
2012-05-16,96.6
2012-05-17,91.7
2012-05-18,96.0
2012-05-19,94.5
2012-05-20,95.4
2012-05-21,96.2
2012-05-22,96.8
2012-05-23,96.4
2012-05-24,97.1
2012-05-25,100.1
2012-05-26,98.8
2012-05-27,96.8
2012-05-28,96.0
2012-05-29,98.0
2012-05-30,100.4
2012-05-31,104.4
2012-06-01,102.4
2012-06-02,98.0
2012-06-03,94.6
2012-06-04,94.0
2012-06-05,89.5
2012-06-06,89.9
2012-06-07,91.2
2012-06-08,92.8
2012-06-09,96.1
2012-06-10,97.3
2012-06-11,96.8
2012-06-12,97.3
2012-06-13,100.1
2012-06-14,99.2
2012-06-15,99.2
2012-06-16,99.1
2012-06-17,100.3
2012-06-18,89.6
2012-06-19,97.0
2012-06-20,99.6
2012-06-21,99.1
2012-06-22,98.9
2012-06-23,99.4
2012-06-24,99.5
2012-06-25,99.0
2012-06-26,96.7
2012-06-27,95.6
2012-06-28,97.7
2012-06-29,96.8
2012-06-30,101.7
2012-07-01,100.8
2012-07-02,98.7
2012-07-03,92.7
2012-07-04,92.7
2012-07-05,93.8
2012-07-06,84.5
2012-07-07,80.4
2012-07-08,85.4
2012-07-09,87.3
2012-07-10,87.4
2012-07-11,85.3
2012-07-12,82.3
2012-07-13,84.7
2012-07-14,84.1
2012-07-15,89.8
2012-07-16,90.7
2012-07-17,92.5
2012-07-18,95.2
2012-07-19,95.5
2012-07-20,89.9
2012-07-21,88.2
2012-07-22,90.5
2012-07-23,90.0
2012-07-24,91.2
2012-07-25,86.1
2012-07-26,86.1
2012-07-27,85.3
2012-07-28,86.2
2012-07-29,84.3
2012-07-30,84.6
2012-07-31,80.0
2012-08-01,82.2
2012-08-02,88.8
2012-08-03,87.8
2012-08-04,85.2
2012-08-05,87.3
2012-08-06,86.5
2012-08-07,84.2
2012-08-08,82.2
2012-08-09,83.0
2012-08-10,85.8
2012-08-11,82.2
2012-08-12,86.9
2012-08-13,82.2
2012-08-14,83.4
2012-08-15,84.2
2012-08-16,83.8
2012-08-17,86.6
2012-08-18,88.4
2012-08-19,86.8
2012-08-20,84.4
2012-08-21,81.2
2012-08-22,81.6
2012-08-23,81.5
2012-08-24,80.3
2012-08-25,79.8
2012-08-26,81.8
2012-08-27,82.8
2012-08-28,82.3
2012-08-29,79.9
2012-08-30,80.6
2012-08-31,86.6
2012-09-01,87.5
2012-09-02,84.3
2012-09-03,85.2
2012-09-04,83.8
2012-09-05,86.0
2012-09-06,84.8
2012-09-07,83.1
2012-09-08,83.0
2012-09-09,87.7
2012-09-10,88.3
2012-09-11,86.3
2012-09-12,85.3
2012-09-13,85.5
2012-09-14,81.1
2012-09-15,82.9
2012-09-16,83.2
2012-09-17,83.2
2012-09-18,80.8
2012-09-19,83.6
2012-09-20,82.1
2012-09-21,81.9
2012-09-22,84.3
2012-09-23,82.6
2012-09-24,82.0
2012-09-25,82.7
2012-09-26,83.6
2012-09-27,82.1
2012-09-28,82.8
2012-09-29,83.4
2012-09-30,84.5
2012-10-01,83.1
2012-10-02,82.9
2012-10-03,83.3
2012-10-04,82.8
2012-10-05,81.8
2012-10-06,82.8
2012-10-07,81.4
2012-10-08,81.0
2012-10-09,80.4
2012-10-10,80.2
2012-10-11,79.5
2012-10-12,80.6
2012-10-13,81.9
2012-10-14,82.1
2012-10-15,80.8
2012-10-16,78.1
2012-10-17,79.4
2012-10-18,76.6
2012-10-19,77.5
2012-10-20,77.5
2012-10-21,76.7
2012-10-22,76.0
2012-10-23,73.1
2012-10-24,70.4
2012-10-25,70.0
2012-10-26,71.5
2012-10-27,72.2
2012-10-28,70.8
2012-10-29,71.0
2012-10-30,71.4
2012-10-31,73.5
2012-11-01,70.4
2012-11-02,68.8
2012-11-03,69.6
2012-11-04,66.6
2012-11-05,68.1
2012-11-06,67.5
2012-11-07,69.7
2012-11-08,68.1
2012-11-09,70.4
2012-11-10,72.1
2012-11-11,65.3
2012-11-12,70.6
2012-11-13,67.2
2012-11-14,66.4
2012-11-15,66.2
2012-11-16,66.0
2012-11-17,65.7
2012-11-18,67.4
2012-11-19,67.2
2012-11-20,64.3
2012-11-21,62.9
2012-11-22,62.8
2012-11-23,63.9
2012-11-24,65.8
2012-11-25,63.5
2012-11-26,61.0
2012-11-27,61.8
2012-11-28,62.6
2012-11-29,64.8
2012-11-30,61.1
2012-12-01,58.4
2012-12-02,59.3
2012-12-03,58.3
2012-12-04,58.0
2012-12-05,58.8
2012-12-06,60.3
2012-12-07,61.6
2012-12-08,63.5
2012-12-09,63.6
2012-12-10,67.2
2012-12-11,58.8
2012-12-12,62.0
2012-12-13,66.6
2012-12-14,62.9
2012-12-15,64.0
2012-12-16,62.4
2012-12-17,60.2
2012-12-18,60.6
2012-12-19,57.0
2012-12-20,56.5
2012-12-21,56.7
2012-12-22,56.7
2012-12-23,52.3
2012-12-24,50.5
2012-12-25,49.8
2012-12-26,51.7
2012-12-27,50.5
2012-12-28,53.3
2012-12-29,55.6
2012-12-30,50.8
2012-12-31,47.3
2013-01-01,47.9
2013-01-02,43.6
2013-01-03,44.0
2013-01-04,43.9
2013-01-05,43.6
2013-01-06,42.5
2013-01-07,41.2
2013-01-08,45.1
2013-01-09,51.1
2013-01-10,55.3
2013-01-11,57.3
2013-01-12,61.4
2013-01-13,59.8
2013-01-14,52.5
2013-01-15,58.3
2013-01-16,63.2
2013-01-17,61.7
2013-01-18,54.3
2013-01-19,52.9
2013-01-20,51.6
2013-01-21,51.4
2013-01-22,52.6
2013-01-23,53.5
2013-01-24,53.3
2013-01-25,53.8
2013-01-26,55.7
2013-01-27,56.3
2013-01-28,56.0
2013-01-29,57.9
2013-01-30,59.8
2013-01-31,59.5
2013-02-01,59.1
2013-02-02,62.3
2013-02-03,65.4
2013-02-04,62.8
2013-02-05,61.9
2013-02-06,61.5
2013-02-07,57.0
2013-02-08,56.4
2013-02-09,59.1
2013-02-10,60.2
2013-02-11,60.5
2013-02-12,58.4
2013-02-13,61.3
2013-02-14,65.0
2013-02-15,64.0
2013-02-16,57.5
2013-02-17,56.5
2013-02-18,57.6
2013-02-19,60.5
2013-02-20,61.2
2013-02-21,66.8
2013-02-22,68.5
2013-02-23,62.6
2013-02-24,62.0
2013-02-25,63.5
2013-02-26,68.2
2013-02-27,70.0
2013-02-28,68.2
2013-03-01,61.9
2013-03-02,66.1
2013-03-03,67.9
2013-03-04,70.1
2013-03-05,71.2
2013-03-06,68.9
2013-03-07,72.1
2013-03-08,73.1
2013-03-09,78.3
2013-03-10,76.1
2013-03-11,75.7
2013-03-12,74.9
2013-03-13,77.1
2013-03-14,71.6
2013-03-15,73.1
2013-03-16,72.5
2013-03-17,73.4
2013-03-18,72.4
2013-03-19,76.0
2013-03-20,79.8
2013-03-21,78.3
2013-03-22,77.5
2013-03-23,81.2
2013-03-24,81.1
2013-03-25,73.0
2013-03-26,72.7
2013-03-27,74.2
2013-03-28,74.9
2013-03-29,71.8
2013-03-30,74.8
2013-03-31,79.0
2013-04-01,80.8
2013-04-02,78.0
2013-04-03,78.2
2013-04-04,78.1
2013-04-05,78.9
2013-04-06,81.2
2013-04-07,83.3
2013-04-08,85.8
2013-04-09,88.7
2013-04-10,87.0
2013-04-11,85.3
2013-04-12,86.0
2013-04-13,87.4
2013-04-14,82.1
2013-04-15,84.5
2013-04-16,90.3
2013-04-17,85.9
2013-04-18,87.5
2013-04-19,87.9
2013-04-20,88.1
2013-04-21,81.7
2013-04-22,80.3
2013-04-23,85.2
2013-04-24,88.9
2013-04-25,89.6
2013-04-26,87.6
2013-04-27,89.6
2013-04-28,88.8
2013-04-29,91.6
2013-04-30,94.1
2013-05-01,87.6
2013-05-02,87.0
2013-05-03,89.0
2013-05-04,93.4
2013-05-05,93.2
2013-05-06,92.4
2013-05-07,93.0
2013-05-08,94.9
2013-05-09,95.0
2013-05-10,93.2
2013-05-11,86.7
2013-05-12,84.8
2013-05-13,89.7
2013-05-14,92.6
2013-05-15,93.7
2013-05-16,94.2
2013-05-17,96.0
2013-05-18,97.0
2013-05-19,100.1
2013-05-20,100.7
2013-05-21,98.9
2013-05-22,98.5
2013-05-23,101.7
2013-05-24,101.7
2013-05-25,99.9
2013-05-26,99.9
2013-05-27,96.3
2013-05-28,97.9
2013-05-29,98.0
2013-05-30,93.5
2013-05-31,95.9
2013-06-01,88.6
2013-06-02,91.3
2013-06-03,92.3
2013-06-04,98.0
2013-06-05,101.1
2013-06-06,91.6
2013-06-07,92.5
2013-06-08,94.6
2013-06-09,96.6
2013-06-10,98.1
2013-06-11,85.5
2013-06-12,92.6
2013-06-13,85.5
2013-06-14,87.5
2013-06-15,85.9
2013-06-16,80.1
2013-06-17,80.3
2013-06-18,82.5
2013-06-19,86.9
2013-06-20,93.1
2013-06-21,96.9
2013-06-22,96.2
2013-06-23,94.9
2013-06-24,90.9
2013-06-25,85.8
2013-06-26,86.9
2013-06-27,87.8
2013-06-28,87.7
2013-06-29,91.3
2013-06-30,91.6
2013-07-01,91.9
2013-07-02,90.1
2013-07-03,87.4
2013-07-04,89.4
2013-07-05,88.4
2013-07-06,87.0
2013-07-07,85.6
2013-07-08,84.4
2013-07-09,83.5
2013-07-10,83.7
2013-07-11,87.2
2013-07-12,83.2
2013-07-13,88.7
2013-07-14,87.0
2013-07-15,88.5
2013-07-16,86.2
2013-07-17,86.6
2013-07-18,87.8
2013-07-19,87.1
2013-07-20,79.2
2013-07-21,84.5
2013-07-22,83.1
2013-07-23,87.4
2013-07-24,85.5
2013-07-25,82.1
2013-07-26,86.3
2013-07-27,84.1
2013-07-28,89.9
2013-07-29,86.6
2013-07-30,85.4
2013-07-31,79.6
2013-08-01,85.4
2013-08-02,86.8
2013-08-03,87.6
2013-08-04,88.5
2013-08-05,83.9
2013-08-06,79.9
2013-08-07,82.4
2013-08-08,82.1
2013-08-09,80.8
2013-08-10,83.7
2013-08-11,84.1
2013-08-12,85.1
2013-08-13,83.9
2013-08-14,83.4
2013-08-15,74.3
2013-08-16,80.2
2013-08-17,81.7
2013-08-18,82.6
2013-08-19,82.3
2013-08-20,81.4
2013-08-21,83.7
2013-08-22,82.1
2013-08-23,86.9
2013-08-24,88.9
2013-08-25,86.6
2013-08-26,88.7
2013-08-27,87.3
2013-08-28,83.9
2013-08-29,85.5
2013-08-30,82.8
2013-08-31,84.3
2013-09-01,89.8
2013-09-02,86.6
2013-09-03,86.1
2013-09-04,85.6
2013-09-05,85.7
2013-09-06,85.6
2013-09-07,86.8
2013-09-08,84.9
2013-09-09,83.1
2013-09-10,87.8
2013-09-11,88.2
2013-09-12,87.5
2013-09-13,87.5
2013-09-14,88.5
2013-09-15,88.1
2013-09-16,84.7
2013-09-17,84.7
2013-09-18,84.9
2013-09-19,86.1
2013-09-20,83.3
2013-09-21,79.5
2013-09-22,85.0
2013-09-23,85.8
2013-09-24,86.4
2013-09-25,83.4
2013-09-26,82.3
2013-09-27,82.5
2013-09-28,86.1
2013-09-29,81.9
2013-09-30,81.4
2013-10-01,83.0
2013-10-02,83.6
2013-10-03,80.7
2013-10-04,75.8
2013-10-05,82.4
2013-10-06,83.5
2013-10-07,84.1
2013-10-08,84.9
2013-10-09,84.6
2013-10-10,85.8
2013-10-11,73.5
2013-10-12,79.0
2013-10-13,81.2
2013-10-14,81.4
2013-10-15,79.1
2013-10-16,80.4
2013-10-17,81.7
2013-10-18,81.1
2013-10-19,77.0
2013-10-20,77.7
2013-10-21,75.4
2013-10-22,77.1
2013-10-23,77.2
2013-10-24,77.2
2013-10-25,75.2
2013-10-26,74.9
2013-10-27,72.0
2013-10-28,73.2
2013-10-29,72.2
2013-10-30,76.8
2013-10-31,78.1
2013-11-01,73.6
2013-11-02,70.5
2013-11-03,67.7
2013-11-04,66.8
2013-11-05,65.8
2013-11-06,69.5
2013-11-07,68.6
2013-11-08,66.1
2013-11-09,68.3
2013-11-10,64.0
2013-11-11,64.9
2013-11-12,62.3
2013-11-13,64.0
2013-11-14,62.2
2013-11-15,62.6
2013-11-16,62.3
2013-11-17,62.9
2013-11-18,64.0
2013-11-19,64.0
2013-11-20,64.5
2013-11-21,66.8
2013-11-22,64.7
2013-11-23,65.6
2013-11-24,65.9
2013-11-25,66.0
2013-11-26,66.3
2013-11-27,68.1
2013-11-28,65.3
2013-11-29,64.6
2013-11-30,65.6
2013-12-01,67.0
2013-12-02,65.2
2013-12-03,64.9
2013-12-04,62.2
2013-12-05,61.6
2013-12-06,60.4
2013-12-07,62.0
2013-12-08,62.4
2013-12-09,60.6
2013-12-10,59.6
2013-12-11,62.1
2013-12-12,59.8
2013-12-13,60.2
2013-12-14,61.1
2013-12-15,61.7
2013-12-16,59.6
2013-12-17,59.7
2013-12-18,59.2
2013-12-19,61.8
2013-12-20,58.1
2013-12-21,57.8
2013-12-22,58.7
2013-12-23,55.0
2013-12-24,52.5
2013-12-25,53.4
2013-12-26,54.3
2013-12-27,52.8
2013-12-28,52.6
2013-12-29,50.5
2013-12-30,53.6
2013-12-31,57.7
2014-01-01,51.8
2014-01-02,48.0
2014-01-03,54.2
2014-01-04,55.8
2014-01-05,51.8
2014-01-06,49.9
2014-01-07,50.7
2014-01-08,52.2
2014-01-09,52.6
2014-01-10,52.7
2014-01-11,51.6
2014-01-12,54.2
2014-01-13,56.7
2014-01-14,56.6
2014-01-15,51.8
2014-01-16,52.9
2014-01-17,53.5
2014-01-18,54.0
2014-01-19,56.1
2014-01-20,55.2
2014-01-21,55.5
2014-01-22,59.2
2014-01-23,58.0
2014-01-24,54.5
2014-01-25,51.3
2014-01-26,55.0
2014-01-27,57.7
2014-01-28,59.3
2014-01-29,59.8
2014-01-30,56.6
2014-01-31,56.4
2014-02-01,56.1
2014-02-02,59.8
2014-02-03,63.9
2014-02-04,63.1
2014-02-05,61.7
2014-02-06,66.1
2014-02-07,66.4
2014-02-08,54.9
2014-02-09,53.5
2014-02-10,54.5
2014-02-11,57.7
2014-02-12,54.7
2014-02-13,58.8
2014-02-14,53.2
2014-02-15,54.6
2014-02-16,53.0
2014-02-17,56.4
2014-02-18,56.9
2014-02-19,59.9
2014-02-20,62.3
2014-02-21,63.1
2014-02-22,59.4
2014-02-23,59.3
2014-02-24,58.5
2014-02-25,63.9
2014-02-26,65.2
2014-02-27,66.1
2014-02-28,60.6
2014-03-01,59.6
2014-03-02,59.3
2014-03-03,63.8
2014-03-04,66.3
2014-03-05,64.4
2014-03-06,64.8
2014-03-07,65.3
2014-03-08,68.4
2014-03-09,70.7
2014-03-10,66.8
2014-03-11,67.8
2014-03-12,66.7
2014-03-13,65.8
2014-03-14,67.2
2014-03-15,69.8
2014-03-16,72.9
2014-03-17,79.2
2014-03-18,75.5
2014-03-19,69.4
2014-03-20,71.1
2014-03-21,75.7
2014-03-22,76.1
2014-03-23,72.4
2014-03-24,71.6
2014-03-25,76.2
2014-03-26,77.6
2014-03-27,75.3
2014-03-28,73.6
2014-03-29,77.7
2014-03-30,73.5
2014-03-31,77.8
2014-04-01,77.2
2014-04-02,79.3
2014-04-03,76.8
2014-04-04,78.3
2014-04-05,80.8
2014-04-06,86.1
2014-04-07,80.2
2014-04-08,78.1
2014-04-09,79.6
2014-04-10,80.8
2014-04-11,82.8
2014-04-12,86.7
2014-04-13,81.4
2014-04-14,83.3
2014-04-15,85.5
2014-04-16,82.6
2014-04-17,82.1
2014-04-18,75.8
2014-04-19,78.7
2014-04-20,83.8
2014-04-21,85.8
2014-04-22,85.7
2014-04-23,86.5
2014-04-24,88.6
2014-04-25,90.7
2014-04-26,89.7
2014-04-27,88.8
2014-04-28,92.6
2014-04-29,92.5
2014-04-30,98.8
2014-05-01,95.4
2014-05-02,93.8
2014-05-03,88.5
2014-05-04,92.0
2014-05-05,87.5
2014-05-06,86.9
2014-05-07,92.9
2014-05-08,88.9
2014-05-09,89.7
2014-05-10,88.6
2014-05-11,85.7
2014-05-12,81.7
2014-05-13,76.5
2014-05-14,80.7
2014-05-15,84.9
2014-05-16,88.1
2014-05-17,86.0
2014-05-18,90.6
2014-05-19,90.5
2014-05-20,92.3
2014-05-21,90.2
2014-05-22,95.9
2014-05-23,96.0
2014-05-24,89.4
2014-05-25,88.2
2014-05-26,87.3
2014-05-27,92.2
2014-05-28,96.2
2014-05-29,98.9
2014-05-30,94.5
2014-05-31,97.3
2014-06-01,90.5
2014-06-02,92.6
2014-06-03,97.4
2014-06-04,97.1
2014-06-05,101.5
2014-06-06,100.7
2014-06-07,103.2
2014-06-08,101.6
2014-06-09,101.3
2014-06-10,100.4
2014-06-11,101.0
2014-06-12,89.1
2014-06-13,85.6
2014-06-14,87.8
2014-06-15,93.3
2014-06-16,99.5
2014-06-17,99.3
2014-06-18,93.6
2014-06-19,96.0
2014-06-20,100.0
2014-06-21,97.2
2014-06-22,94.9
2014-06-23,91.5
2014-06-24,92.8
2014-06-25,90.3
2014-06-26,91.9
2014-06-27,94.7
2014-06-28,93.7
2014-06-29,92.3
2014-06-30,91.6
2014-07-01,88.3
2014-07-02,86.1
2014-07-03,82.5
2014-07-04,89.4
2014-07-05,92.6
2014-07-06,86.5
2014-07-07,92.7
2014-07-08,94.4
2014-07-09,97.4
2014-07-10,97.7
2014-07-11,98.2
2014-07-12,96.3
2014-07-13,88.0
2014-07-14,89.8
2014-07-15,90.5
2014-07-16,89.3
2014-07-17,86.4
2014-07-18,81.3
2014-07-19,85.3
2014-07-20,86.3
2014-07-21,89.7
2014-07-22,88.8
2014-07-23,86.0
2014-07-24,85.5
2014-07-25,86.5
2014-07-26,89.0
2014-07-27,87.9
2014-07-28,83.7
2014-07-29,84.4
2014-07-30,87.1
2014-07-31,88.5
2014-08-01,90.1
2014-08-02,85.8
2014-08-03,86.8
2014-08-04,85.7
2014-08-05,84.8
2014-08-06,88.7
2014-08-07,86.1
2014-08-08,85.8
2014-08-09,86.2
2014-08-10,82.7
2014-08-11,88.2
2014-08-12,89.8
2014-08-13,84.7
2014-08-14,87.9
2014-08-15,87.0
2014-08-16,85.7
2014-08-17,87.6
2014-08-18,90.0
2014-08-19,91.2
2014-08-20,91.3
2014-08-21,91.1
2014-08-22,92.1
2014-08-23,91.0
2014-08-24,91.7
2014-08-25,93.1
2014-08-26,93.1
2014-08-27,92.2
2014-08-28,83.7
2014-08-29,86.6
2014-08-30,80.6
2014-08-31,81.7
2014-09-01,85.8
2014-09-02,84.7
2014-09-03,81.8
2014-09-04,79.4
2014-09-05,79.3
2014-09-06,83.2
2014-09-07,87.7
2014-09-08,87.1
2014-09-09,86.7
2014-09-10,82.7
2014-09-11,80.4
2014-09-12,82.7
2014-09-13,85.0
2014-09-14,82.4
2014-09-15,85.7
2014-09-16,86.3
2014-09-17,86.7
2014-09-18,86.9
2014-09-19,87.4
2014-09-20,87.5
2014-09-21,86.8
2014-09-22,85.7
2014-09-23,87.1
2014-09-24,85.3
2014-09-25,85.9
2014-09-26,86.3
2014-09-27,89.8
2014-09-28,87.9
2014-09-29,87.5
2014-09-30,89.3
2014-10-01,88.0
2014-10-02,87.5
2014-10-03,87.5
2014-10-04,87.4
2014-10-05,88.0
2014-10-06,89.0
2014-10-07,87.2
2014-10-08,84.0
2014-10-09,82.5
2014-10-10,81.4
2014-10-11,80.9
2014-10-12,81.5
2014-10-13,82.6
2014-10-14,76.2
2014-10-15,76.0
2014-10-16,75.4
2014-10-17,76.3
2014-10-18,74.5
2014-10-19,74.1
2014-10-20,75.8
2014-10-21,79.1
2014-10-22,79.5
2014-10-23,79.2
2014-10-24,78.3
2014-10-25,79.1
2014-10-26,78.1
2014-10-27,78.2
2014-10-28,79.5
2014-10-29,77.5
2014-10-30,76.3
2014-10-31,76.5
2014-11-01,71.2
2014-11-02,73.7
2014-11-03,73.3
2014-11-04,75.4
2014-11-05,72.3
2014-11-06,74.5
2014-11-07,74.7
2014-11-08,78.3
2014-11-09,75.4
2014-11-10,71.6
2014-11-11,68.0
2014-11-12,66.3
2014-11-13,64.2
2014-11-14,65.0
2014-11-15,64.3
2014-11-16,65.7
2014-11-17,65.1
2014-11-18,63.8
2014-11-19,64.2
2014-11-20,66.4
2014-11-21,63.0
2014-11-22,67.1
2014-11-23,65.2
2014-11-24,63.1
2014-11-25,62.4
2014-11-26,63.5
2014-11-27,67.3
2014-11-28,71.2
2014-11-29,69.2
2014-11-30,71.6
2014-12-01,66.6
2014-12-02,66.8
2014-12-03,65.5
2014-12-04,65.0
2014-12-05,64.5
2014-12-06,63.5
2014-12-07,61.6
2014-12-08,62.8
2014-12-09,63.7
2014-12-10,59.1
2014-12-11,55.5
2014-12-12,59.2
2014-12-13,60.6
2014-12-14,57.1
2014-12-15,57.0
2014-12-16,53.7
2014-12-17,51.7
2014-12-18,50.3
2014-12-19,50.5
2014-12-20,50.0
2014-12-21,48.6
2014-12-22,48.2
2014-12-23,49.6
2014-12-24,46.2
2014-12-25,46.7
2014-12-26,49.3
2014-12-27,49.2
2014-12-28,47.8
2014-12-29,50.4
2014-12-30,50.6
2014-12-31,54.1
2015-01-01,58.1
2015-01-02,55.0
2015-01-03,57.3
2015-01-04,55.2
2015-01-05,54.9
2015-01-06,51.9
2015-01-07,48.4
2015-01-08,47.0
2015-01-09,49.3
2015-01-10,51.2
2015-01-11,50.2
2015-01-12,50.9
2015-01-13,53.2
2015-01-14,52.1
2015-01-15,51.2
2015-01-16,52.8
2015-01-17,55.1
2015-01-18,54.0
2015-01-19,52.6
2015-01-20,55.1
2015-01-21,55.6
2015-01-22,54.3
2015-01-23,58.0
2015-01-24,53.2
2015-01-25,53.4
2015-01-26,56.2
2015-01-27,53.6
2015-01-28,50.4
2015-01-29,52.2
2015-01-30,53.0
2015-01-31,58.3
2015-02-01,60.2
2015-02-02,63.5
2015-02-03,60.5
2015-02-04,56.7
2015-02-05,57.3
2015-02-06,60.7
2015-02-07,62.7
2015-02-08,63.3
2015-02-09,62.2
2015-02-10,61.0
2015-02-11,60.7
2015-02-12,59.7
2015-02-13,60.5
2015-02-14,68.0
2015-02-15,66.4
2015-02-16,68.9
2015-02-17,69.6
2015-02-18,72.0
2015-02-19,74.8
2015-02-20,73.5
2015-02-21,71.4
2015-02-22,71.8
2015-02-23,70.8
2015-02-24,71.8
2015-02-25,72.6
2015-02-26,67.3
2015-02-27,68.2
2015-02-28,72.3
2015-03-01,62.7
2015-03-02,62.3
2015-03-03,61.6
2015-03-04,61.3
2015-03-05,66.8
2015-03-06,69.5
2015-03-07,64.8
2015-03-08,66.6
2015-03-09,63.0
2015-03-10,62.2
2015-03-11,64.6
2015-03-12,69.5
2015-03-13,72.9
2015-03-14,70.8
2015-03-15,62.6
2015-03-16,68.2
2015-03-17,68.7
2015-03-18,68.0
2015-03-19,69.8
2015-03-20,73.8
2015-03-21,77.5
2015-03-22,77.1
2015-03-23,76.8
2015-03-24,80.3
2015-03-25,82.6
2015-03-26,84.5
2015-03-27,83.5
2015-03-28,81.5
2015-03-29,77.2
2015-03-30,73.6
2015-03-31,79.2
2015-04-01,82.0
2015-04-02,81.6
2015-04-03,75.8
2015-04-04,69.6
2015-04-05,75.7
2015-04-06,78.2
2015-04-07,74.3
2015-04-08,80.1
2015-04-09,79.5
2015-04-10,81.8
2015-04-11,83.5
2015-04-12,74.2
2015-04-13,77.0
2015-04-14,80.1
2015-04-15,82.9
2015-04-16,77.5
2015-04-17,81.7
2015-04-18,87.7
2015-04-19,92.1
2015-04-20,91.5
2015-04-21,88.2
2015-04-22,89.4
2015-04-23,90.2
2015-04-24,90.9
2015-04-25,87.9
2015-04-26,84.4
2015-04-27,88.3
2015-04-28,89.5
2015-04-29,88.2
2015-04-30,94.0
2015-05-01,88.3
2015-05-02,88.7
2015-05-03,89.3
2015-05-04,84.7
2015-05-05,92.3
2015-05-06,95.4
2015-05-07,95.3
2015-05-08,94.5
2015-05-09,97.1
2015-05-10,95.3
2015-05-11,92.8
2015-05-12,92.1
2015-05-13,80.4
2015-05-14,87.1
2015-05-15,84.2
2015-05-16,88.1
2015-05-17,93.4
2015-05-18,98.6
2015-05-19,89.3
2015-05-20,92.4
2015-05-21,95.1
2015-05-22,98.5
2015-05-23,100.0
2015-05-24,100.6
2015-05-25,101.5
2015-05-26,100.2
2015-05-27,95.7
2015-05-28,97.2
2015-05-29,96.2
2015-05-30,98.9
2015-05-31,98.7
2015-06-01,88.3
2015-06-02,89.4
2015-06-03,82.8
2015-06-04,90.6
2015-06-05,92.8
2015-06-06,94.9
2015-06-07,97.8
2015-06-08,100.5
2015-06-09,98.7
2015-06-10,97.9
2015-06-11,96.3
2015-06-12,96.9
2015-06-13,86.8
2015-06-14,81.6
2015-06-15,88.9
2015-06-16,89.8
2015-06-17,93.4
2015-06-18,97.8
2015-06-19,98.2
2015-06-20,91.8
2015-06-21,86.3
2015-06-22,90.3
2015-06-23,88.4
2015-06-24,84.4
2015-06-25,80.3
2015-06-26,88.9
2015-06-27,90.6
2015-06-28,94.6
2015-06-29,87.4
2015-06-30,88.6
2015-07-01,88.8
2015-07-02,92.7
2015-07-03,90.3
2015-07-04,93.2
2015-07-05,95.1
2015-07-06,83.4
2015-07-07,80.7
2015-07-08,87.3
2015-07-09,83.8
2015-07-10,79.4
2015-07-11,75.5
2015-07-12,77.9
2015-07-13,85.3
2015-07-14,86.8
2015-07-15,91.5
2015-07-16,88.3
2015-07-17,86.0
2015-07-18,83.7
2015-07-19,84.9
2015-07-20,83.3
2015-07-21,87.5
2015-07-22,88.2
2015-07-23,88.3
2015-07-24,87.2
2015-07-25,87.9
2015-07-26,85.3
2015-07-27,84.5
2015-07-28,84.2
2015-07-29,82.5
2015-07-30,82.4
2015-07-31,84.7
2015-08-01,81.7
2015-08-02,84.1
2015-08-03,86.4
2015-08-04,88.0
2015-08-05,84.2
2015-08-06,85.2
2015-08-07,84.4
2015-08-08,83.6
2015-08-09,81.3
2015-08-10,86.7
2015-08-11,82.5
2015-08-12,86.5
2015-08-13,88.9
2015-08-14,86.6
2015-08-15,81.0
2015-08-16,82.7
2015-08-17,87.1
2015-08-18,84.2
2015-08-19,86.7
2015-08-20,86.1
2015-08-21,85.4
2015-08-22,85.9
2015-08-23,85.6
2015-08-24,86.7
2015-08-25,88.9
2015-08-26,88.7
2015-08-27,89.0
2015-08-28,89.2
2015-08-29,90.4
2015-08-30,90.2
2015-08-31,89.3
2015-09-01,88.2
2015-09-02,86.7
2015-09-03,87.4
2015-09-04,87.9
2015-09-05,88.1
2015-09-06,87.6
2015-09-07,88.5
2015-09-08,87.6
2015-09-09,85.9
2015-09-10,88.6
2015-09-11,88.0
2015-09-12,89.3
2015-09-13,89.5
2015-09-14,90.3
2015-09-15,90.5
2015-09-16,89.1
2015-09-17,89.0
2015-09-18,87.0
2015-09-19,86.8
2015-09-20,85.8
2015-09-21,85.5
2015-09-22,85.0
2015-09-23,83.2
2015-09-24,82.1
2015-09-25,84.0
2015-09-26,85.2
2015-09-27,84.4
2015-09-28,83.3
2015-09-29,83.6
2015-09-30,84.7
2015-10-01,82.4
2015-10-02,82.1
2015-10-03,84.7
2015-10-04,85.8
2015-10-05,87.2
2015-10-06,85.0
2015-10-07,84.6
2015-10-08,84.9
2015-10-09,84.5
2015-10-10,84.4
2015-10-11,84.5
2015-10-12,85.5
2015-10-13,85.2
2015-10-14,81.1
2015-10-15,82.9
2015-10-16,84.2
2015-10-17,82.8
2015-10-18,83.4
2015-10-19,85.5
2015-10-20,86.1
2015-10-21,80.5
2015-10-22,77.0
2015-10-23,77.0
2015-10-24,79.6
2015-10-25,80.9
2015-10-26,77.6
2015-10-27,76.6
2015-10-28,68.5
2015-10-29,71.9
2015-10-30,73.4
2015-10-31,75.0
2015-11-01,75.6
2015-11-02,76.8
2015-11-03,76.6
2015-11-04,75.2
2015-11-05,70.2
2015-11-06,72.4
2015-11-07,71.7
2015-11-08,73.0
2015-11-09,74.1
2015-11-10,74.6
2015-11-11,71.2
2015-11-12,71.8
2015-11-13,73.4
2015-11-14,72.8
2015-11-15,75.4
2015-11-16,74.4
2015-11-17,67.8
2015-11-18,68.0
2015-11-19,66.5
2015-11-20,65.8
2015-11-21,66.5
2015-11-22,66.3
2015-11-23,66.7
2015-11-24,66.7
2015-11-25,67.7
2015-11-26,68.5
2015-11-27,65.0
2015-11-28,65.6
2015-11-29,66.5
2015-11-30,70.1
2015-12-01,67.7
2015-12-02,65.7
2015-12-03,63.5
2015-12-04,64.5
2015-12-05,65.2
2015-12-06,66.2
2015-12-07,65.1
2015-12-08,66.5
2015-12-09,66.3
2015-12-10,68.5
2015-12-11,61.2
2015-12-12,53.6
2015-12-13,55.6
2015-12-14,55.6
2015-12-15,54.7
2015-12-16,56.9
2015-12-17,56.8
2015-12-18,54.9
2015-12-19,54.1
2015-12-20,55.1
2015-12-21,50.6
2015-12-22,55.0
2015-12-23,54.1
2015-12-24,52.1
2015-12-25,52.5
2015-12-26,56.1
2015-12-27,58.0
2015-12-28,60.6
2015-12-29,60.7
2015-12-30,60.3
2015-12-31,61.5
2016-01-01,58.5
2016-01-02,57.7
2016-01-03,56.7
2016-01-04,62.2
2016-01-05,65.3
2016-01-06,64.4
2016-01-07,64.4
2016-01-08,57.4
2016-01-09,58.1
2016-01-10,60.1
2016-01-11,61.1
2016-01-12,63.0
2016-01-13,60.8
2016-01-14,57.2
2016-01-15,54.6
2016-01-16,53.4
2016-01-17,53.8
2016-01-18,53.7
2016-01-19,50.5
2016-01-20,49.5
2016-01-21,50.0
2016-01-22,49.5
2016-01-23,55.5
2016-01-24,47.9
2016-01-25,51.1
2016-01-26,57.2
2016-01-27,61.5
2016-01-28,58.0
2016-01-29,65.2
2016-01-30,68.4
2016-01-31,63.4
2016-02-01,58.2
2016-02-02,58.2
2016-02-03,57.0
2016-02-04,57.9
2016-02-05,58.5
2016-02-06,64.1
2016-02-07,63.5
2016-02-08,60.0
2016-02-09,59.8
2016-02-10,63.1
2016-02-11,66.0
2016-02-12,65.8
2016-02-13,61.2
2016-02-14,63.4
2016-02-15,62.3
2016-02-16,63.8
2016-02-17,67.0
2016-02-18,64.3
2016-02-19,72.3
2016-02-20,71.3
2016-02-21,64.9
2016-02-22,66.7
2016-02-23,67.5
2016-02-24,70.8
2016-02-25,70.9
2016-02-26,73.0
2016-02-27,71.7
2016-02-28,72.5
2016-02-29,76.2
2016-03-01,75.7
2016-03-02,77.0
2016-03-03,78.0
2016-03-04,78.6
2016-03-05,71.2
2016-03-06,71.7
2016-03-07,72.3
2016-03-08,71.9
2016-03-09,73.0
2016-03-10,76.4
2016-03-11,77.5
2016-03-12,73.9
2016-03-13,74.3
2016-03-14,70.9
2016-03-15,73.4
2016-03-16,72.2
2016-03-17,77.8
2016-03-18,78.0
2016-03-19,78.6
2016-03-20,80.1
2016-03-21,76.8
2016-03-22,73.0
2016-03-23,75.8
2016-03-24,81.6
2016-03-25,84.8
2016-03-26,75.3
2016-03-27,75.4
2016-03-28,77.8
2016-03-29,79.5
2016-03-30,82.2
2016-03-31,89.4
2016-04-01,87.4
2016-04-02,89.4
2016-04-03,92.4
2016-04-04,91.3
2016-04-05,88.8
2016-04-06,86.4
2016-04-07,81.8
2016-04-08,84.3
2016-04-09,88.8
2016-04-10,87.5
2016-04-11,84.1
2016-04-12,85.0
2016-04-13,87.0
2016-04-14,91.0
2016-04-15,93.2
2016-04-16,95.9
2016-04-17,95.5
2016-04-18,94.3
2016-04-19,92.0
2016-04-20,92.5
2016-04-21,91.8
2016-04-22,94.3
2016-04-23,87.6
2016-04-24,89.5
2016-04-25,89.0
2016-04-26,92.8
2016-04-27,90.7
2016-04-28,92.2
2016-04-29,92.5
2016-04-30,94.7
2016-05-01,94.4
2016-05-02,100.0
2016-05-03,94.3
2016-05-04,89.5
2016-05-05,83.8
2016-05-06,87.2
2016-05-07,91.7
2016-05-08,92.6
2016-05-09,91.1
2016-05-10,91.8
2016-05-11,90.7
2016-05-12,95.7
2016-05-13,96.9
2016-05-14,98.3
2016-05-15,100.0
2016-05-16,98.3
2016-05-17,99.3
2016-05-18,101.3
2016-05-19,98.2
2016-05-20,97.8
2016-05-21,97.0
2016-05-22,98.5
2016-05-23,87.3
2016-05-24,87.6
2016-05-25,85.7
2016-05-26,95.9
2016-05-27,98.9
2016-05-28,94.4
2016-05-29,85.8
2016-05-30,80.3
2016-05-31,91.7
2016-06-01,94.2
2016-06-02,98.9
2016-06-03,101.5
2016-06-04,100.6
2016-06-05,97.7
2016-06-06,93.4
2016-06-07,92.4
2016-06-08,97.3
2016-06-09,94.2
2016-06-10,94.3
2016-06-11,91.1
2016-06-12,95.4
2016-06-13,93.2
2016-06-14,89.4
2016-06-15,94.0
2016-06-16,90.9
2016-06-17,93.4
2016-06-18,94.5
2016-06-19,94.8
2016-06-20,86.2
2016-06-21,88.8
2016-06-22,90.3
2016-06-23,91.3
2016-06-24,97.6
2016-06-25,93.6
2016-06-26,93.3
2016-06-27,91.3
2016-06-28,87.7
2016-06-29,94.9
2016-06-30,97.8
2016-07-01,89.0
2016-07-02,83.4
2016-07-03,84.2
2016-07-04,86.3
2016-07-05,92.2
2016-07-06,90.0
2016-07-07,91.9
2016-07-08,86.9
2016-07-09,90.0
2016-07-10,91.2
2016-07-11,87.9
2016-07-12,84.9
2016-07-13,87.2
2016-07-14,85.2
2016-07-15,86.0
2016-07-16,81.3
2016-07-17,81.3
2016-07-18,83.6
2016-07-19,88.7
2016-07-20,90.8
2016-07-21,92.7
2016-07-22,91.6
2016-07-23,87.8
2016-07-24,85.7
2016-07-25,89.5
2016-07-26,85.1
2016-07-27,82.2
2016-07-28,83.5
2016-07-29,81.4
2016-07-30,81.4
2016-07-31,84.1
2016-08-01,83.2
2016-08-02,84.8
2016-08-03,89.9
2016-08-04,89.8
2016-08-05,91.2
2016-08-06,84.5
2016-08-07,90.1
2016-08-08,89.2
2016-08-09,86.0
2016-08-10,84.8
2016-08-11,81.8
2016-08-12,82.4
2016-08-13,84.8
2016-08-14,84.2
2016-08-15,87.2
2016-08-16,87.4
2016-08-17,84.4
2016-08-18,85.2
2016-08-19,88.7
2016-08-20,87.5
2016-08-21,85.3
2016-08-22,86.8
2016-08-23,87.2
2016-08-24,83.7
2016-08-25,85.4
2016-08-26,86.2
2016-08-27,87.7
2016-08-28,87.6
2016-08-29,82.2
2016-08-30,83.5
2016-08-31,81.0
2016-09-01,81.8
2016-09-02,84.9
2016-09-03,85.4
2016-09-04,85.7
2016-09-05,84.8
2016-09-06,84.2
2016-09-07,85.8
2016-09-08,87.1
2016-09-09,86.6
2016-09-10,85.7
2016-09-11,87.2
2016-09-12,87.2
2016-09-13,86.5
2016-09-14,86.3
2016-09-15,88.8
2016-09-16,88.5
2016-09-17,88.8
2016-09-18,87.7
2016-09-19,88.7
2016-09-20,89.9
2016-09-21,87.9
2016-09-22,83.4
2016-09-23,86.6
2016-09-24,85.3
2016-09-25,86.8
2016-09-26,86.8
2016-09-27,88.0
2016-09-28,89.0
2016-09-29,87.3
2016-09-30,89.5
2016-10-01,89.3
2016-10-02,89.5
2016-10-03,90.4
2016-10-04,83.6
2016-10-05,82.8
2016-10-06,86.0
2016-10-07,85.9
2016-10-08,86.5
2016-10-09,86.5
2016-10-10,83.2
2016-10-11,82.7
2016-10-12,81.6
2016-10-13,82.1
2016-10-14,82.7
2016-10-15,80.2
2016-10-16,80.6
2016-10-17,79.8
2016-10-18,80.3
2016-10-19,81.2
2016-10-20,80.0
2016-10-21,81.4
2016-10-22,81.3
2016-10-23,78.7
2016-10-24,80.1
2016-10-25,78.0
2016-10-26,79.1
2016-10-27,76.7
2016-10-28,75.6
2016-10-29,76.5
2016-10-30,75.2
2016-10-31,76.1
2016-11-01,73.7
2016-11-02,70.6
2016-11-03,73.7
2016-11-04,73.2
2016-11-05,70.5
2016-11-06,70.8
2016-11-07,71.1
2016-11-08,69.7
2016-11-09,69.2
2016-11-10,71.7
2016-11-11,71.5
2016-11-12,72.5
2016-11-13,72.4
2016-11-14,71.8
2016-11-15,68.3
2016-11-16,66.3
2016-11-17,66.5
2016-11-18,66.4
2016-11-19,67.8
2016-11-20,69.8
2016-11-21,70.5
2016-11-22,69.7
2016-11-23,67.5
2016-11-24,67.2
2016-11-25,68.6
2016-11-26,70.4
2016-11-27,68.4
2016-11-28,68.1
2016-11-29,68.1
2016-11-30,66.8
2016-12-01,66.3
2016-12-02,61.6
2016-12-03,63.0
2016-12-04,64.5
2016-12-05,63.8
2016-12-06,63.8
2016-12-07,60.5
2016-12-08,61.3
2016-12-09,64.7
2016-12-10,61.7
2016-12-11,65.2
2016-12-12,65.9
2016-12-13,65.3
2016-12-14,61.0
2016-12-15,60.2
2016-12-16,60.7
2016-12-17,57.7
2016-12-18,57.9
2016-12-19,58.1
2016-12-20,60.0
2016-12-21,61.3
2016-12-22,60.4
2016-12-23,59.5
2016-12-24,63.0
2016-12-25,56.3
2016-12-26,57.8
2016-12-27,57.9
2016-12-28,60.9
2016-12-29,58.8
2016-12-30,55.3
2016-12-31,58.3
2017-01-01,61.1
2017-01-02,60.5
2017-01-03,59.3
2017-01-04,63.3
2017-01-05,64.2
2017-01-06,63.4
2017-01-07,56.5
2017-01-08,58.9
2017-01-09,54.3
2017-01-10,51.6
2017-01-11,50.9
2017-01-12,52.0
2017-01-13,53.4
2017-01-14,55.4
2017-01-15,61.5
2017-01-16,53.9
2017-01-17,49.5
2017-01-18,52.5
2017-01-19,53.6
2017-01-20,52.2
2017-01-21,55.7
2017-01-22,60.1
2017-01-23,60.6
2017-01-24,64.4
2017-01-25,67.9
2017-01-26,60.4
2017-01-27,57.2
2017-01-28,55.4
2017-01-29,58.7
2017-01-30,59.0
2017-01-31,64.2
2017-02-01,58.9
2017-02-02,61.5
2017-02-03,63.4
2017-02-04,65.7
2017-02-05,65.2
2017-02-06,61.0
2017-02-07,58.1
2017-02-08,61.4
2017-02-09,59.3
2017-02-10,59.2
2017-02-11,60.6
2017-02-12,62.3
2017-02-13,61.8
2017-02-14,62.2
2017-02-15,65.5
2017-02-16,67.3
2017-02-17,67.0
2017-02-18,70.8
2017-02-19,73.6
2017-02-20,76.0
2017-02-21,67.4
2017-02-22,68.0
2017-02-23,65.3
2017-02-24,63.6
2017-02-25,66.1
2017-02-26,66.0
2017-02-27,69.9
2017-02-28,76.7
2017-03-01,75.7
2017-03-02,71.5
2017-03-03,68.9
2017-03-04,66.3
2017-03-05,66.9
2017-03-06,69.4
2017-03-07,72.3
2017-03-08,70.6
2017-03-09,66.0
2017-03-10,63.4
2017-03-11,64.1
2017-03-12,64.0
2017-03-13,63.5
2017-03-14,66.6
2017-03-15,69.2
2017-03-16,72.3
2017-03-17,69.7
2017-03-18,73.5
2017-03-19,73.3
2017-03-20,72.0
2017-03-21,78.6
2017-03-22,82.2
2017-03-23,84.8
2017-03-24,81.8
2017-03-25,79.5
2017-03-26,81.2
2017-03-27,83.5
2017-03-28,86.0
2017-03-29,88.7
2017-03-30,87.6
2017-03-31,91.2
2017-04-01,89.8
2017-04-02,88.5
2017-04-03,89.9
2017-04-04,86.2
2017-04-05,82.2
2017-04-06,86.9
2017-04-07,83.2
2017-04-08,81.3
2017-04-09,81.1
2017-04-10,81.5
2017-04-11,85.5
2017-04-12,88.0
2017-04-13,89.8
2017-04-14,93.5
2017-04-15,93.6
2017-04-16,91.8
2017-04-17,94.5
2017-04-18,95.5
2017-04-19,97.4
2017-04-20,97.9
2017-04-21,95.2
2017-04-22,90.8
2017-04-23,92.9
2017-04-24,88.6
2017-04-25,89.6
2017-04-26,89.4
2017-04-27,90.8
2017-04-28,89.3
2017-04-29,89.3
2017-04-30,90.2
2017-05-01,89.3
2017-05-02,92.6
2017-05-03,90.0
2017-05-04,91.4
2017-05-05,92.9
2017-05-06,95.7
2017-05-07,98.3
2017-05-08,97.8
2017-05-09,95.8
2017-05-10,91.4
2017-05-11,96.5
2017-05-12,95.6
2017-05-13,98.8
2017-05-14,99.3
2017-05-15,99.9
2017-05-16,96.8
2017-05-17,90.7
2017-05-18,94.5
2017-05-19,91.5
2017-05-20,94.1
2017-05-21,87.9
2017-05-22,81.9
2017-05-23,93.5
2017-05-24,96.6
2017-05-25,98.0
2017-05-26,99.4
2017-05-27,93.6
2017-05-28,88.8
2017-05-29,83.4
2017-05-30,89.8
2017-05-31,84.0
2017-06-01,91.0
2017-06-02,95.8
2017-06-03,100.4
2017-06-04,104.7
2017-06-05,104.3
2017-06-06,98.6
2017-06-07,89.0
2017-06-08,88.2
2017-06-09,91.8
2017-06-10,91.6
2017-06-11,91.0
2017-06-12,96.7
2017-06-13,98.3
2017-06-14,92.0
2017-06-15,92.4
2017-06-16,83.6
2017-06-17,82.6
2017-06-18,89.6
2017-06-19,86.0
2017-06-20,82.5
2017-06-21,83.9
2017-06-22,87.2
2017-06-23,90.4
2017-06-24,93.1
2017-06-25,96.6
2017-06-26,94.5
2017-06-27,94.6
2017-06-28,82.3
2017-06-29,81.0
2017-06-30,81.8
2017-07-01,85.7
2017-07-02,82.2
2017-07-03,89.8
2017-07-04,91.3
2017-07-05,90.0
2017-07-06,85.7
2017-07-07,87.6
2017-07-08,92.3
2017-07-09,95.0
2017-07-10,93.2
2017-07-11,85.5
2017-07-12,84.2
2017-07-13,88.2
2017-07-14,89.2
2017-07-15,87.2
2017-07-16,84.9
2017-07-17,84.7
2017-07-18,90.8
2017-07-19,92.8
2017-07-20,86.0
2017-07-21,88.9
2017-07-22,84.3
2017-07-23,84.2
2017-07-24,84.3
2017-07-25,83.8
2017-07-26,88.1
2017-07-27,88.5
2017-07-28,86.2
2017-07-29,86.3
2017-07-30,87.1
2017-07-31,82.2
2017-08-01,82.2
2017-08-02,84.5
2017-08-03,86.3
2017-08-04,87.5
2017-08-05,88.3
2017-08-06,89.0
2017-08-07,84.7
2017-08-08,86.2
2017-08-09,84.6
2017-08-10,87.5
2017-08-11,88.5
2017-08-12,87.6
2017-08-13,87.7
2017-08-14,88.7
2017-08-15,88.8
2017-08-16,89.9
2017-08-17,91.1
2017-08-18,91.2
2017-08-19,82.4
2017-08-20,87.9
2017-08-21,88.8
2017-08-22,87.2
2017-08-23,82.9
2017-08-24,86.9
2017-08-25,84.3
2017-08-26,82.9
2017-08-27,86.3
2017-08-28,84.1
2017-08-29,86.7
2017-08-30,84.8
2017-08-31,80.6
2017-09-01,82.6
2017-09-02,81.7
2017-09-03,86.1
2017-09-04,85.4
2017-09-05,85.2
2017-09-06,85.2
2017-09-07,83.9
2017-09-08,86.9
2017-09-09,87.8
2017-09-10,90.5
2017-09-11,87.6
2017-09-12,88.3
2017-09-13,90.0
2017-09-14,89.4
2017-09-15,89.4
2017-09-16,84.4
2017-09-17,84.7
2017-09-18,87.2
2017-09-19,88.3
2017-09-20,88.7
2017-09-21,86.0
2017-09-22,77.4
2017-09-23,76.2
2017-09-24,79.7
2017-09-25,85.2
2017-09-26,86.3
2017-09-27,85.4
2017-09-28,87.8
2017-09-29,86.7
2017-09-30,88.0
2017-10-01,83.6
2017-10-02,85.0
2017-10-03,84.4
2017-10-04,86.5
2017-10-05,87.4
2017-10-06,87.2
2017-10-07,83.6
2017-10-08,84.0
2017-10-09,84.1
2017-10-10,85.2
2017-10-11,84.7
2017-10-12,83.8
2017-10-13,83.4
2017-10-14,84.2
2017-10-15,83.5
2017-10-16,82.9
2017-10-17,81.5
2017-10-18,82.0
2017-10-19,83.3
2017-10-20,82.9
2017-10-21,80.1
2017-10-22,82.9
2017-10-23,81.1
2017-10-24,76.8
2017-10-25,76.4
2017-10-26,76.0
2017-10-27,77.2
2017-10-28,77.7
2017-10-29,76.8
2017-10-30,76.2
2017-10-31,76.9
2017-11-01,75.0
2017-11-02,75.6
2017-11-03,75.6
2017-11-04,74.4
2017-11-05,75.3
2017-11-06,74.9
2017-11-07,72.2
2017-11-08,68.3
2017-11-09,71.6
2017-11-10,70.1
2017-11-11,70.3
2017-11-12,68.5
2017-11-13,70.3
2017-11-14,70.4
2017-11-15,69.9
2017-11-16,67.5
2017-11-17,68.4
2017-11-18,67.0
2017-11-19,65.7
2017-11-20,61.5
2017-11-21,62.0
2017-11-22,62.0
2017-11-23,61.4
2017-11-24,64.2
2017-11-25,64.0
2017-11-26,65.2
2017-11-27,63.9
2017-11-28,66.0
2017-11-29,67.9
2017-11-30,68.8
2017-12-01,63.2
2017-12-02,62.9
2017-12-03,62.4
2017-12-04,62.5
2017-12-05,64.6
2017-12-06,64.2
2017-12-07,63.8
2017-12-08,62.0
2017-12-09,63.3
2017-12-10,63.7
2017-12-11,64.2
2017-12-12,60.8
2017-12-13,56.0
2017-12-14,55.5
2017-12-15,53.7
2017-12-16,53.7
2017-12-17,57.0
2017-12-18,59.6
2017-12-19,58.6
2017-12-20,61.8
2017-12-21,62.1
2017-12-22,60.6
2017-12-23,60.0
2017-12-24,60.8
2017-12-25,58.5
2017-12-26,58.6
2017-12-27,61.2
2017-12-28,61.1
2017-12-29,61.7
2017-12-30,58.1
2017-12-31,57.7
2018-01-01,55.3
2018-01-02,53.2
2018-01-03,50.9
2018-01-04,51.9
2018-01-05,52.9
2018-01-06,51.8
2018-01-07,53.6
2018-01-08,54.3
2018-01-09,55.0
2018-01-10,56.8
2018-01-11,56.7
2018-01-12,58.6
2018-01-13,58.0
2018-01-14,57.6
2018-01-15,57.2
2018-01-16,58.8
2018-01-17,59.0
2018-01-18,62.4
2018-01-19,58.6
2018-01-20,56.2
2018-01-21,58.0
2018-01-22,61.6
2018-01-23,55.3
2018-01-24,54.0
2018-01-25,52.7
2018-01-26,53.1
2018-01-27,53.9
2018-01-28,55.5
2018-01-29,57.0
2018-01-30,62.9
2018-01-31,64.4
2018-02-01,66.0
2018-02-02,61.7
2018-02-03,61.2
2018-02-04,58.7
2018-02-05,59.8
2018-02-06,60.0
2018-02-07,58.8
2018-02-08,59.4
2018-02-09,59.7
2018-02-10,63.8
2018-02-11,65.6
2018-02-12,60.5
2018-02-13,62.5
2018-02-14,59.5
2018-02-15,62.3
2018-02-16,64.0
2018-02-17,65.1
2018-02-18,64.8
2018-02-19,66.1
2018-02-20,69.0
2018-02-21,74.3
2018-02-22,74.4
2018-02-23,76.1
2018-02-24,77.2
2018-02-25,72.0
2018-02-26,69.8
2018-02-27,73.0
2018-02-28,75.7
2018-03-01,73.5
2018-03-02,75.4
2018-03-03,76.3
2018-03-04,72.9
2018-03-05,71.2
2018-03-06,70.1
2018-03-07,71.6
2018-03-08,75.5
2018-03-09,75.6
2018-03-10,75.6
2018-03-11,75.7
2018-03-12,77.9
2018-03-13,81.3
2018-03-14,81.0
2018-03-15,78.7
2018-03-16,75.2
2018-03-17,75.5
2018-03-18,76.7
2018-03-19,78.8
2018-03-20,82.6
2018-03-21,78.5
2018-03-22,75.9
2018-03-23,75.1
2018-03-24,77.2
2018-03-25,78.5
2018-03-26,77.7
2018-03-27,84.1
2018-03-28,85.4
2018-03-29,84.1
2018-03-30,84.8
2018-03-31,81.7
2018-04-01,83.7
2018-04-02,84.6
2018-04-03,89.4
2018-04-04,91.0
2018-04-05,90.0
2018-04-06,83.6
2018-04-07,83.6
2018-04-08,85.8
2018-04-09,78.7
2018-04-10,85.1
2018-04-11,78.8
2018-04-12,81.9
2018-04-13,84.8
2018-04-14,87.0
2018-04-15,90.0
2018-04-16,90.6
2018-04-17,91.7
2018-04-18,90.5
2018-04-19,92.1
2018-04-20,91.8
2018-04-21,84.5
2018-04-22,84.4
2018-04-23,86.6
2018-04-24,89.8
2018-04-25,95.1
2018-04-26,95.4
2018-04-27,92.4
2018-04-28,96.0
2018-04-30,96.7
2018-05-01,90.4
2018-05-02,85.6
2018-05-03,85.6
2018-05-04,88.5
2018-05-05,95.5
2018-05-06,90.4
2018-05-07,93.3
2018-05-08,84.7
2018-05-09,84.3
2018-05-10,91.2
2018-05-11,96.5
2018-05-12,96.0
2018-05-13,87.2
2018-05-14,87.3
2018-05-15,90.6
2018-05-16,96.3
2018-05-17,96.2
2018-05-18,92.8
2018-05-19,94.0
2018-05-20,97.0
2018-05-21,99.5
2018-05-22,99.9
2018-05-23,100.5
2018-05-24,97.9
2018-05-25,99.5
2018-05-26,100.7
2018-05-27,101.0
2018-05-28,98.4
2018-05-29,100.0
2018-05-30,95.0
2018-05-31,100.9
2018-06-01,92.8
2018-06-02,91.2
2018-06-03,94.5
2018-06-04,98.1
2018-06-05,97.9
2018-06-06,92.0
2018-06-07,98.2
2018-06-08,96.9
2018-06-09,88.0
2018-06-10,91.9
2018-06-11,95.8
2018-06-12,100.5
2018-06-13,100.9
2018-06-14,99.8
2018-06-15,97.7
2018-06-16,96.3
2018-06-17,89.3
2018-06-18,90.3
2018-06-19,94.0
2018-06-20,97.8
2018-06-21,98.2
2018-06-22,102.0
2018-06-23,100.8
2018-06-24,100.3
2018-06-25,97.5
2018-06-26,90.6
2018-06-27,85.8
2018-06-28,85.4
2018-06-29,86.1
2018-06-30,87.5
2018-07-01,90.3
2018-07-02,88.6
2018-07-03,89.9
2018-07-04,88.7
2018-07-05,90.2
2018-07-06,92.0
2018-07-07,91.8
2018-07-08,96.1
2018-07-09,93.6
2018-07-10,93.2
2018-07-11,89.8
2018-07-12,89.9
2018-07-13,83.6
2018-07-14,84.7
2018-07-15,88.8
2018-07-16,85.6
2018-07-17,90.8
2018-07-18,89.7
2018-07-19,85.1
2018-07-20,85.9
2018-07-21,84.6
2018-07-22,81.2
2018-07-23,87.5
2018-07-24,90.4
2018-07-25,84.2
2018-07-26,80.5
2018-07-27,80.5
2018-07-28,81.4
2018-07-29,86.9
2018-07-30,89.9
2018-07-31,88.0
2018-08-01,88.7
2018-08-02,88.3
2018-08-03,88.2
2018-08-04,88.7
2018-08-05,85.1
2018-08-06,82.0
2018-08-07,83.4
2018-08-08,86.2
2018-08-09,90.1
2018-08-10,88.3
2018-08-11,88.1
2018-08-12,86.7
2018-08-13,87.1
2018-08-14,89.3
2018-08-15,87.3
2018-08-16,87.9
2018-08-17,89.4
2018-08-18,88.1
2018-08-19,83.9
2018-08-20,85.3
2018-08-21,89.5
2018-08-22,86.4
2018-08-23,84.0
2018-08-24,85.8
2018-08-25,84.3
2018-08-26,88.3
2018-08-27,85.0
2018-08-28,82.3
2018-08-29,82.7
2018-08-30,88.3
2018-08-31,89.1
2018-09-01,82.8
2018-09-02,80.7
2018-09-03,81.3
2018-09-04,81.8
2018-09-05,83.2
2018-09-06,83.8
2018-09-07,82.2
2018-09-08,82.5
2018-09-09,82.8
2018-09-10,83.0
2018-09-11,86.2
2018-09-12,86.8
2018-09-13,82.1
2018-09-14,85.2
2018-09-15,86.2
2018-09-16,85.9
2018-09-17,85.4
2018-09-18,85.9
2018-09-19,86.0
2018-09-20,87.4
2018-09-21,82.1
2018-09-22,78.9
2018-09-23,79.8
2018-09-24,76.5
2018-09-25,76.3
2018-09-26,81.3
2018-09-27,83.7
2018-09-28,85.9
2018-09-29,85.2
2018-09-30,84.1
2018-10-01,83.9
2018-10-02,84.4
2018-10-03,85.7
2018-10-04,84.0
2018-10-05,82.3
2018-10-06,81.7
2018-10-07,81.7
2018-10-08,83.0
2018-10-09,84.1
2018-10-10,82.9
2018-10-11,77.4
2018-10-12,78.1
2018-10-13,77.1
2018-10-14,78.0
2018-10-15,79.3
2018-10-16,80.5
2018-10-17,80.2
2018-10-18,79.4
2018-10-19,78.3
2018-10-20,77.6
2018-10-21,75.7
2018-10-22,75.1
2018-10-23,76.3
2018-10-24,77.8
2018-10-25,78.1
2018-10-26,75.3
2018-10-27,74.5
2018-10-28,74.5
2018-10-29,75.0
2018-10-30,75.9
2018-10-31,73.1
2018-11-01,75.3
2018-11-02,76.9
2018-11-03,75.8
2018-11-04,72.4
2018-11-05,66.7
2018-11-06,68.2
2018-11-07,66.5
2018-11-08,65.8
2018-11-09,69.1
2018-11-10,69.2
2018-11-11,74.8
2018-11-12,70.8
2018-11-13,72.6
2018-11-14,72.4
2018-11-15,70.2
2018-11-16,65.7
2018-11-17,66.4
2018-11-18,69.0
2018-11-19,70.8
2018-11-20,70.0
2018-11-21,67.3
2018-11-22,68.1
2018-11-23,67.0
2018-11-24,66.3
2018-11-25,69.2
2018-11-26,66.4
2018-11-27,69.8
2018-11-28,69.4
2018-11-29,67.1
2018-11-30,67.5
2018-12-01,63.8
2018-12-02,65.3
2018-12-03,62.9
2018-12-04,63.5
2018-12-05,62.0
2018-12-06,62.9
2018-12-07,60.0
2018-12-08,61.3
2018-12-09,60.8
2018-12-10,62.2
2018-12-11,62.7
2018-12-12,61.9
2018-12-13,59.3
2018-12-14,56.8
2018-12-15,57.7
2018-12-16,58.2
2018-12-17,55.4
2018-12-18,55.8
2018-12-19,56.0
2018-12-20,56.2
2018-12-21,54.3
2018-12-22,56.1
2018-12-23,56.6
2018-12-24,55.9
2018-12-25,51.7
2018-12-26,53.7
2018-12-27,54.7
2018-12-28,51.7
2018-12-29,52.8
2018-12-30,56.5
2018-12-31,57.9
2019-01-01,57.7
2019-01-02,59.3
2019-01-03,52.2
2019-01-04,53.2
2019-01-05,48.0
2019-01-06,57.3
2019-01-07,54.6
2019-01-08,46.7
2019-01-09,55.4
2019-01-10,55.9
2019-01-11,58.8
2019-01-12,59.0
2019-01-13,61.3
2019-01-14,53.6
2019-01-15,52.1
2019-01-16,56.0
2019-01-17,56.5
2019-01-18,54.9
2019-01-19,60.4
2019-01-20,67.1
2019-01-21,62.0
2019-01-22,56.5
2019-01-23,55.6
2019-01-24,58.7
2019-01-25,56.2
2019-01-26,53.7
2019-01-27,48.7
2019-01-28,52.3
2019-01-29,54.1
2019-01-30,56.7
2019-01-31,60.0
2019-02-01,57.1
2019-02-02,53.1
2019-02-03,54.3
2019-02-04,57.0
2019-02-05,64.0
2019-02-06,66.3
2019-02-07,59.0
2019-02-08,56.0
2019-02-09,55.8
2019-02-10,57.4
2019-02-11,60.0
2019-02-12,63.0
2019-02-13,66.3
2019-02-14,63.0
2019-02-15,61.5
2019-02-16,58.2
2019-02-17,60.5
2019-02-18,66.0
2019-02-19,65.8
2019-02-20,64.8
2019-02-21,71.1
2019-02-22,63.3
2019-02-23,60.9
2019-02-24,62.2
2019-02-25,63.5
2019-02-26,60.1
2019-02-27,58.8
2019-02-28,61.3
2019-03-01,63.3
2019-03-02,58.5
2019-03-03,63.0
2019-03-04,64.2
2019-03-05,62.8
2019-03-06,64.4
2019-03-07,67.0
2019-03-08,68.9
2019-03-09,68.5
2019-03-10,67.6
2019-03-11,71.5
2019-03-12,69.9
2019-03-13,67.3
2019-03-14,63.2
2019-03-15,65.7
2019-03-16,67.7
2019-03-17,69.8
2019-03-18,70.3
2019-03-19,74.9
2019-03-20,79.4
2019-03-21,76.7
2019-03-22,72.7
2019-03-23,74.5
2019-03-24,74.4
2019-03-25,72.6
2019-03-26,74.8
2019-03-27,75.2
2019-03-28,81.4
2019-03-29,84.5
2019-03-30,87.6
2019-03-31,84.8
2019-04-01,79.7
2019-04-02,81.1
2019-04-03,83.8
2019-04-04,87.7
2019-04-05,89.6
2019-04-06,90.7
2019-04-07,83.9
2019-04-08,83.2
2019-04-09,86.2
2019-04-10,90.0
2019-04-11,91.2
2019-04-12,87.9
2019-04-13,88.8
2019-04-14,90.5
2019-04-15,91.4
2019-04-16,76.3
2019-04-17,71.3
2019-04-18,77.1
2019-04-19,79.6
2019-04-20,83.7
2019-04-21,89.3
2019-04-22,90.0
2019-04-23,94.0
2019-04-24,95.1
2019-04-25,93.7
2019-04-26,94.3
2019-04-27,94.8
2019-04-28,94.8
2019-04-29,94.7
2019-04-30,100.7
2019-05-01,95.0
2019-05-02,89.7
2019-05-03,87.5
2019-05-04,90.0
2019-05-05,90.9
2019-05-06,92.6
2019-05-07,94.8
2019-05-08,96.0
2019-05-09,95.8
2019-05-10,93.7
2019-05-11,91.4
2019-05-12,91.3
2019-05-13,87.6
2019-05-14,87.2
2019-05-15,84.5
2019-05-16,87.5
2019-05-17,80.2
2019-05-18,81.9
2019-05-19,88.8
2019-05-20,92.3
2019-05-21,94.1
2019-05-22,92.1
2019-05-23,89.0
2019-05-24,85.0
2019-05-25,90.2
2019-05-26,92.4
2019-05-27,95.8
2019-05-28,96.5
2019-05-29,99.1
2019-05-30,100.4
2019-05-31,102.9
2019-06-01,100.3
2019-06-02,98.8
2019-06-03,95.0
2019-06-04,96.4
2019-06-05,99.2
2019-06-06,96.7
2019-06-07,96.3
2019-06-08,102.7
2019-06-09,103.8
2019-06-10,97.2
2019-06-11,102.3
2019-06-12,94.2
2019-06-13,97.9
2019-06-14,100.0
2019-06-15,99.4
2019-06-16,87.4
2019-06-17,84.2
2019-06-18,84.3
2019-06-19,88.6
2019-06-20,92.0
2019-06-21,94.1
2019-06-22,96.4
2019-06-23,93.3
2019-06-24,87.8
2019-06-25,93.7
2019-06-26,97.8
2019-06-27,94.8
2019-06-28,96.8
2019-06-29,101.0
2019-06-30,101.6
2019-07-01,97.5
2019-07-02,96.2
2019-07-03,95.1
2019-07-04,87.2
2019-07-05,85.6
2019-07-06,89.9
2019-07-07,89.2
2019-07-08,91.1
2019-07-09,88.0
2019-07-10,94.2
2019-07-11,94.7
2019-07-12,95.6
2019-07-13,95.0
2019-07-14,92.6
2019-07-15,83.5
2019-07-16,82.7
2019-07-17,80.8
2019-07-18,80.8
2019-07-19,89.3
2019-07-20,84.7
2019-07-21,84.8
2019-07-22,89.6
2019-07-23,93.0
2019-07-24,88.8
2019-07-25,81.9
2019-07-26,81.8
2019-07-27,82.2
2019-07-28,84.7
2019-07-29,86.8
2019-07-30,87.0
2019-07-31,88.8
2019-08-01,88.1
2019-08-02,84.5
2019-08-03,83.2
2019-08-04,86.0
2019-08-05,88.0
2019-08-06,81.3
2019-08-07,86.3
2019-08-08,90.6
2019-08-09,84.7
2019-08-10,85.2
2019-08-11,89.3
2019-08-12,86.0
2019-08-13,84.7
2019-08-14,84.9
2019-08-15,85.5
2019-08-16,83.1
2019-08-17,78.0
2019-08-18,81.4
2019-08-19,86.0
2019-08-20,86.2
2019-08-21,87.7
2019-08-22,84.5
2019-08-23,88.8
2019-08-24,85.5
2019-08-25,82.1
2019-08-26,87.0
2019-08-27,88.7
2019-08-28,90.4
2019-08-29,88.5
2019-08-30,89.8
2019-08-31,90.2
2019-09-01,84.7
2019-09-02,88.0
2019-09-03,88.7
2019-09-04,87.5
2019-09-05,87.7
2019-09-06,86.3
2019-09-07,85.4
2019-09-08,88.9
2019-09-09,90.3
2019-09-10,90.5
2019-09-11,91.9
2019-09-12,89.1
2019-09-13,89.0
2019-09-14,86.7
2019-09-15,85.2
2019-09-16,88.8
2019-09-17,87.2
2019-09-18,85.2
2019-09-19,82.3
2019-09-20,84.8
2019-09-21,81.8
2019-09-22,78.7
2019-09-23,81.3
2019-09-24,82.1
2019-09-25,81.0
2019-09-26,83.0
2019-09-27,80.7
2019-09-28,80.0
2019-09-29,79.3
2019-09-30,80.9
2019-10-01,80.9
2019-10-02,82.5
2019-10-03,75.0
2019-10-04,79.0
2019-10-05,78.7
2019-10-06,80.8
2019-10-07,79.6
2019-10-08,78.7
2019-10-09,79.6
2019-10-10,79.4
2019-10-11,81.2
2019-10-12,81.5
2019-10-13,81.0
2019-10-14,81.1
2019-10-15,82.5
2019-10-16,82.4
2019-10-17,81.6
2019-10-18,80.5
2019-10-19,80.4
2019-10-20,78.2
2019-10-21,76.3
2019-10-22,74.7
2019-10-23,76.7
2019-10-24,77.3
2019-10-25,76.2
2019-10-26,76.6
2019-10-27,75.5
2019-10-28,75.8
2019-10-29,74.2
2019-10-30,76.8
2019-10-31,79.1
2019-11-01,77.8
2019-11-02,73.6
2019-11-03,73.1
2019-11-04,73.6
2019-11-05,73.3
2019-11-06,75.3
2019-11-07,68.6
2019-11-08,72.3
2019-11-09,72.0
2019-11-10,64.4
2019-11-11,69.8
2019-11-12,68.9
2019-11-13,70.7
2019-11-14,69.8
2019-11-15,70.9
2019-11-16,70.3
2019-11-17,69.9
2019-11-18,66.0
2019-11-19,68.1
2019-11-20,68.0
2019-11-21,68.3
2019-11-22,71.2
2019-11-23,69.0
2019-11-24,69.0
2019-11-25,71.0
2019-11-26,72.0
2019-11-27,69.2
2019-11-28,63.8
2019-11-29,65.4
2019-11-30,62.7
2019-12-01,61.8
2019-12-02,60.7
2019-12-03,62.0
2019-12-04,61.6
2019-12-05,62.1
2019-12-06,61.6
2019-12-07,61.8
2019-12-08,62.0
2019-12-09,62.2
2019-12-10,60.5
2019-12-11,63.6
2019-12-12,62.2
2019-12-13,59.0
2019-12-14,58.1
2019-12-15,55.6
2019-12-16,52.3
2019-12-17,51.0
2019-12-18,51.8
2019-12-19,51.1
2019-12-20,51.5
2019-12-21,53.9
2019-12-22,51.2
2019-12-23,48.4
2019-12-24,50.1
2019-12-25,46.8
2019-12-26,46.6
2019-12-27,47.1
2019-12-28,44.7
2019-12-29,47.5
2019-12-30,43.9
2019-12-31,51.2
2020-01-01,53.6
2020-01-02,58.4
2020-01-03,60.2
2020-01-04,58.0
2020-01-05,57.9
2020-01-06,58.6
2020-01-07,58.5
2020-01-08,54.6
2020-01-09,48.6
2020-01-10,48.4
2020-01-11,54.2
2020-01-12,58.2
2020-01-13,59.8
2020-01-14,54.9
2020-01-15,55.6
2020-01-16,54.1
2020-01-17,54.9
2020-01-18,54.0
2020-01-19,49.6
2020-01-20,52.9
2020-01-21,54.9
2020-01-22,52.1
2020-01-23,54.6
2020-01-24,56.0
2020-01-25,56.5
2020-01-26,58.5
2020-01-27,61.3
2020-01-28,60.2
2020-01-29,58.6
2020-01-30,56.8
2020-01-31,54.8
2020-02-01,56.1
2020-02-02,53.4
2020-02-03,57.4
2020-02-04,59.1
2020-02-05,57.4
2020-02-06,55.0
2020-02-07,55.8
2020-02-08,57.2
2020-02-09,57.9
2020-02-10,55.8
2020-02-11,59.8
2020-02-12,61.1
2020-02-13,66.5
2020-02-14,62.9
2020-02-15,63.3
2020-02-16,63.9
2020-02-17,63.9
2020-02-18,64.3
2020-02-19,68.3
2020-02-20,69.7
2020-02-21,61.0
2020-02-22,65.2
2020-02-23,68.7
2020-02-24,67.5
2020-02-25,67.4
2020-02-26,68.4
2020-02-27,70.4
2020-02-28,70.1
2020-02-29,69.5
2020-03-01,69.3
2020-03-02,70.8
2020-03-03,71.2
2020-03-04,69.6
2020-03-05,65.9
2020-03-06,60.3
2020-03-07,63.8
2020-03-08,64.9
2020-03-09,66.3
2020-03-10,68.0
2020-03-11,70.5
2020-03-12,71.0
2020-03-13,69.4
2020-03-14,64.6
2020-03-15,66.0
2020-03-16,68.3
2020-03-17,70.3
2020-03-18,73.2
2020-03-19,74.4
2020-03-20,76.5
2020-03-21,76.1
2020-03-22,76.5
2020-03-23,76.6
2020-03-24,73.9
2020-03-25,76.6
2020-03-26,73.2
2020-03-27,69.3
2020-03-28,71.8
2020-03-29,74.9
2020-03-30,73.3
2020-03-31,78.2
2020-04-01,75.9
2020-04-02,75.8
2020-04-03,74.8
2020-04-04,76.4
2020-04-05,79.5
2020-04-06,83.8
2020-04-07,79.4
2020-04-08,80.2
2020-04-09,78.7
2020-04-10,83.4
2020-04-11,85.7
2020-04-12,84.7
2020-04-13,87.0
2020-04-14,89.9
2020-04-15,89.4
2020-04-16,89.4
2020-04-17,87.3
2020-04-18,83.2
2020-04-19,83.2
2020-04-20,79.9
2020-04-21,83.3
2020-04-22,85.6
2020-04-23,84.1
2020-04-24,86.5
2020-04-25,87.2
2020-04-26,74.8
2020-04-27,80.8
2020-04-28,84.4
2020-04-29,87.7
2020-04-30,90.8
2020-05-01,88.7
2020-05-02,82.7
2020-05-03,79.7
2020-05-04,83.9
2020-05-05,87.7
2020-05-06,85.3
2020-05-07,87.1
2020-05-08,90.5
2020-05-09,92.5
2020-05-10,80.9
2020-05-11,86.1
2020-05-12,88.8
2020-05-13,86.4
2020-05-14,87.5
2020-05-15,90.2
2020-05-16,91.0
2020-05-17,90.1
2020-05-18,91.9
2020-05-19,93.6
2020-05-20,93.1
2020-05-21,94.8
2020-05-22,98.4
2020-05-23,100.3
2020-05-24,100.2
2020-05-25,99.3
2020-05-26,101.2
2020-05-27,100.5
2020-05-28,89.8
2020-05-29,84.0
2020-05-30,82.9
2020-05-31,78.7
2020-06-01,85.7
2020-06-02,87.7
2020-06-03,88.8
2020-06-04,83.8
2020-06-05,84.3
2020-06-06,87.1
2020-06-07,84.4
2020-06-08,91.1
2020-06-09,95.9
2020-06-10,93.3
2020-06-11,95.5
2020-06-12,96.3
2020-06-13,89.6
2020-06-14,94.8
2020-06-15,97.2
2020-06-16,96.5
2020-06-17,95.0
2020-06-18,97.8
2020-06-19,97.1
2020-06-20,89.0
2020-06-21,89.5
2020-06-22,90.4
2020-06-23,90.4
2020-06-24,87.5
2020-06-25,89.7
2020-06-26,88.8
2020-06-27,94.0
2020-06-28,99.0
2020-06-29,92.3
2020-06-30,92.3
2020-07-01,93.5
2020-07-02,96.3
2020-07-03,93.4
2020-07-04,90.9
2020-07-05,84.7
2020-07-06,87.9
2020-07-07,85.0
2020-07-08,85.8
2020-07-09,90.5
2020-07-10,91.3
2020-07-11,90.1
2020-07-12,85.3
2020-07-13,89.7
2020-07-14,93.0
2020-07-15,90.3
2020-07-16,89.8
2020-07-17,89.8
2020-07-18,89.5
2020-07-19,85.4
2020-07-20,82.5
2020-07-21,79.9
2020-07-22,79.2
2020-07-23,85.8
2020-07-24,85.0
2020-07-25,86.2
2020-07-26,89.0
2020-07-27,89.7
2020-07-28,91.1
2020-07-29,84.0
2020-07-30,83.3
2020-07-31,87.3
2020-08-01,82.5
2020-08-02,84.5
2020-08-03,86.0
2020-08-05,88.0
2020-08-06,88.6
2020-08-07,88.0
2020-08-08,88.9
2020-08-09,85.4
2020-08-10,87.0
2020-08-11,86.8
2020-08-12,86.8
2020-08-13,80.8
2020-08-14,84.2
2020-08-15,86.0
2020-08-16,87.5
2020-08-17,85.6
2020-08-18,84.8
2020-08-19,80.1
2020-08-20,79.9
2020-08-21,85.0
2020-08-22,86.0
2020-08-23,83.8
2020-08-24,83.2
2020-08-25,84.3
2020-08-26,85.1
2020-08-27,87.0
2020-08-28,82.5
2020-08-29,86.1
2020-08-30,82.2
2020-08-31,84.2
2020-09-01,85.4
2020-09-02,86.2
2020-09-03,86.8
2020-09-04,85.5
2020-09-05,83.5
2020-09-06,85.2
2020-09-07,83.0
2020-09-08,86.8
2020-09-09,87.5
2020-09-10,87.3
2020-09-11,89.1
2020-09-12,89.6
2020-09-13,88.7
2020-09-14,88.1
2020-09-15,88.8
2020-09-16,90.0
2020-09-17,90.1
2020-09-18,90.4
2020-09-19,90.1
2020-09-20,89.2
2020-09-21,89.2
2020-09-22,88.5
2020-09-23,87.5
2020-09-24,86.7
2020-09-25,87.8
2020-09-26,83.7
2020-09-27,84.3
2020-09-28,86.0
2020-09-29,85.2
2020-09-30,86.1
2020-10-01,85.3
2020-10-02,84.5
2020-10-03,82.7
2020-10-04,81.8
2020-10-05,82.2
2020-10-06,82.2
2020-10-07,82.8
2020-10-08,82.5
2020-10-09,82.0
2020-10-10,82.2
2020-10-11,81.3
2020-10-12,80.9
2020-10-13,83.2
2020-10-14,85.8
2020-10-15,82.0
2020-10-16,79.4
2020-10-17,80.5
2020-10-18,79.4
2020-10-19,78.3
2020-10-20,76.3
2020-10-21,78.4
2020-10-22,76.9
2020-10-23,77.1
2020-10-24,74.7
2020-10-25,74.8
2020-10-26,76.0
2020-10-27,73.5
2020-10-28,71.9
2020-10-29,71.9
2020-10-30,73.0
2020-10-31,73.5
2020-11-01,70.7
2020-11-02,66.5
2020-11-03,69.7
2020-11-04,67.3
2020-11-05,67.9
2020-11-06,68.2
2020-11-07,68.8
2020-11-08,59.0
2020-11-09,65.7
2020-11-10,66.2
2020-11-11,67.0
2020-11-12,69.1
2020-11-13,67.2
2020-11-14,66.5
2020-11-15,69.7
2020-11-16,68.2
2020-11-17,66.3
2020-11-18,63.3
2020-11-19,62.8
2020-11-20,62.8
2020-11-21,60.7
2020-11-22,59.8
2020-11-23,59.9
2020-11-24,62.8
2020-11-25,64.9
2020-11-26,66.3
2020-11-27,62.6
2020-11-28,63.4
2020-11-29,61.1
2020-11-30,62.8
2020-12-01,62.7
2020-12-02,64.4
2020-12-03,62.9
2020-12-04,64.9
2020-12-05,66.2
2020-12-06,66.7
2020-12-07,63.0
2020-12-08,64.0
2020-12-09,65.9
2020-12-10,66.8
2020-12-11,65.3
2020-12-12,62.0
2020-12-13,57.2
2020-12-14,55.9
2020-12-15,53.6
2020-12-16,50.9
2020-12-17,47.8
2020-12-18,52.7
2020-12-19,54.0
2020-12-20,55.7
2020-12-21,56.3
2020-12-22,55.8
2020-12-23,56.5
2020-12-24,55.8
2020-12-25,54.0
2020-12-26,55.3
2020-12-27,59.1
2020-12-28,54.0
2020-12-29,50.2
2020-12-30,49.8
2020-12-31,49.8
2021-01-01,52.0
2021-01-02,58.1
2021-01-03,57.3
2021-01-04,62.4
2021-01-05,62.4
2021-01-06,61.7
2021-01-07,59.8
2021-01-08,56.2
2021-01-09,58.0
2021-01-10,50.4
2021-01-11,52.7
2021-01-12,51.3
2021-01-13,50.8
2021-01-14,53.5
2021-01-15,54.2
2021-01-16,49.9
2021-01-17,52.0
2021-01-18,54.7
2021-01-19,57.5
2021-01-20,52.6
2021-01-21,53.6
2021-01-22,53.3
2021-01-23,56.8
2021-01-24,53.5
2021-01-25,53.7
2021-01-26,55.1
2021-01-27,55.4
2021-01-28,54.0
2021-01-29,54.4
2021-01-30,54.2
2021-01-31,58.5
2021-02-01,63.2
2021-02-02,63.8
2021-02-03,65.0
2021-02-04,59.8
2021-02-05,58.0
2021-02-06,58.8
2021-02-07,58.8
2021-02-08,60.2
2021-02-09,62.2
2021-02-10,65.1
2021-02-11,62.3
2021-02-12,64.6
2021-02-13,64.2
2021-02-14,65.7
2021-02-15,68.5
2021-02-16,68.7
2021-02-17,64.9
2021-02-18,66.5
2021-02-19,62.5
2021-02-20,62.8
2021-02-21,65.0
2021-02-22,66.5
2021-02-23,68.8
2021-02-24,71.6
2021-02-25,72.5
2021-02-26,74.2
2021-02-27,75.3
2021-02-28,76.1
2021-03-01,68.3
2021-03-02,69.2
2021-03-03,69.4
2021-03-04,74.4
2021-03-05,71.9
2021-03-06,72.0
2021-03-07,77.3
2021-03-08,76.1
2021-03-09,78.5
2021-03-10,77.6
2021-03-11,78.2
2021-03-12,74.3
2021-03-13,74.9
2021-03-14,75.0
2021-03-15,76.0
2021-03-16,75.8
2021-03-17,78.7
2021-03-18,78.6
2021-03-19,79.2
2021-03-20,77.5
2021-03-21,80.2
2021-03-22,79.9
2021-03-23,75.0
2021-03-24,76.7
2021-03-25,73.1
2021-03-26,75.2
2021-03-27,79.2
2021-03-28,83.7
2021-03-29,86.3
2021-03-30,84.9
2021-03-31,83.7
2021-04-01,79.4
2021-04-02,78.8
2021-04-03,80.0
2021-04-04,82.5
2021-04-05,87.1
2021-04-06,87.7
2021-04-07,84.9
2021-04-08,80.8
2021-04-09,83.6
2021-04-10,85.0
2021-04-11,85.7
2021-04-12,85.8
2021-04-13,87.7
2021-04-14,88.5
2021-04-15,88.0
2021-04-16,81.8
2021-04-17,80.4
2021-04-18,84.0
2021-04-19,86.8
2021-04-20,81.1
2021-04-21,78.6
2021-04-22,81.8
2021-04-23,78.5
2021-04-24,80.5
2021-04-25,83.2
2021-04-26,88.1
2021-04-27,90.8
2021-04-28,94.1
2021-04-29,92.4
2021-04-30,95.2
2021-05-01,92.0
2021-05-02,89.5
2021-05-03,90.7
2021-05-04,90.3
2021-05-05,90.6
2021-05-06,82.8
2021-05-07,85.5
2021-05-08,90.1
2021-05-09,88.1
2021-05-10,87.2
2021-05-11,89.2
2021-05-12,88.0
2021-05-13,81.5
2021-05-14,87.1
2021-05-15,87.8
2021-05-16,92.3
2021-05-17,92.0
2021-05-18,79.0
2021-05-19,70.7
2021-05-20,79.1
2021-05-21,78.2
2021-05-22,83.5
2021-05-23,81.6
2021-05-24,86.8
2021-05-25,89.8
2021-05-26,91.6
2021-05-27,91.9
2021-05-28,90.5
2021-05-29,88.9
2021-05-30,87.2
2021-05-31,93.1
2021-06-01,81.5
2021-06-02,86.6
2021-06-03,90.2
2021-06-04,86.4
2021-06-05,86.7
2021-06-06,89.8
2021-06-07,94.3
2021-06-08,96.9
2021-06-09,97.9
2021-06-10,89.8
2021-06-11,91.2
2021-06-12,86.4
2021-06-13,85.4
2021-06-14,90.8
2021-06-15,88.2
2021-06-16,85.8
2021-06-17,87.9
2021-06-18,86.7
2021-06-19,86.1
2021-06-20,85.2
2021-06-21,91.3
2021-06-22,94.7
2021-06-23,94.9
2021-06-24,89.1
2021-06-25,89.5
2021-06-26,88.9
2021-06-27,93.3
2021-06-28,94.8
2021-06-29,98.1
2021-06-30,102.9
2021-07-01,99.2
2021-07-02,91.5
2021-07-03,88.7
2021-07-04,92.3
2021-07-05,93.0
2021-07-06,95.5
2021-07-07,97.4
2021-07-08,96.6
2021-07-09,92.0
2021-07-10,94.1
2021-07-11,91.3
2021-07-12,89.3
2021-07-13,84.5
2021-07-14,82.0
2021-07-15,88.4
2021-07-16,92.1
2021-07-17,90.9
2021-07-18,85.9
2021-07-19,79.0
2021-07-20,81.4
2021-07-21,86.1
2021-07-22,84.5
2021-07-23,87.3
2021-07-24,88.5
2021-07-25,90.8
2021-07-26,86.8
2021-07-27,82.1
2021-07-28,79.9
2021-07-29,83.8
2021-07-30,81.9
2021-07-31,87.3
2021-08-01,82.9
2021-08-02,83.1
2021-08-03,85.9
2021-08-04,86.6
2021-08-05,86.7
2021-08-06,87.2
2021-08-07,84.1
2021-08-08,82.4
2021-08-09,84.1
2021-08-10,87.8
2021-08-11,88.4
2021-08-12,89.3
2021-08-13,89.0
2021-08-14,89.1
2021-08-15,89.3
2021-08-16,91.1
2021-08-17,91.5
2021-08-18,91.0
2021-08-19,89.1
2021-08-20,80.5
2021-08-21,81.8
2021-08-22,85.5
2021-08-23,87.2
2021-08-24,88.1
2021-08-25,89.7
2021-08-26,86.9
2021-08-27,88.0
2021-08-28,86.8
2021-08-29,85.8
2021-08-30,85.1
2021-08-31,79.9
2021-09-01,77.8
2021-09-02,82.4
2021-09-03,84.3
2021-09-04,82.8
2021-09-05,86.3
2021-09-06,88.2
2021-09-07,84.8
2021-09-08,84.8
2021-09-09,85.0
2021-09-10,81.8
2021-09-11,76.6
2021-09-12,80.7
2021-09-13,81.1
2021-09-14,84.1
2021-09-15,85.5
2021-09-16,77.9
2021-09-17,82.2
2021-09-18,83.8
2021-09-19,85.6
2021-09-20,85.9
2021-09-21,84.6
2021-09-22,80.9
2021-09-23,80.3
2021-09-24,82.8
2021-09-25,83.5
2021-09-26,82.7
2021-09-27,85.9
2021-09-28,86.0
2021-09-29,85.3
2021-09-30,86.6
2021-10-01,85.5
2021-10-02,86.3
2021-10-03,85.9
2021-10-04,87.2
2021-10-05,84.6
2021-10-06,85.0
2021-10-07,83.4
2021-10-08,83.8
2021-10-09,84.8
2021-10-10,84.5
2021-10-11,84.8
2021-10-12,84.7
2021-10-13,81.7
2021-10-14,78.4
2021-10-15,79.7
2021-10-16,82.7
2021-10-17,75.3
2021-10-18,71.2
2021-10-19,77.0
2021-10-20,76.8
2021-10-21,77.4
2021-10-22,77.6
2021-10-23,77.3
2021-10-24,73.8
2021-10-25,72.6
2021-10-26,72.0
2021-10-27,71.8
2021-10-28,71.6
2021-10-29,73.3
2021-10-30,72.3
2021-10-31,74.4
2021-11-01,72.1
2021-11-02,73.0
2021-11-03,72.8
2021-11-04,69.4
2021-11-05,69.0
2021-11-06,70.0
2021-11-07,70.0
2021-11-08,70.6
2021-11-09,71.0
2021-11-10,70.7
2021-11-11,67.2
2021-11-12,68.3
2021-11-13,68.2
2021-11-14,67.6
2021-11-15,66.3
2021-11-16,65.9
2021-11-17,65.3
2021-11-18,67.7
2021-11-19,67.4
2021-11-20,68.5
2021-11-21,64.6
2021-11-22,65.5
2021-11-23,64.7
2021-11-24,65.6
2021-11-25,67.0
2021-11-26,65.6
2021-11-27,65.8
2021-11-28,65.8
2021-11-29,65.2
2021-11-30,66.1
2021-12-01,64.2
2021-12-02,61.0
2021-12-03,63.5
2021-12-04,66.0
2021-12-05,66.9
2021-12-06,66.1
2021-12-07,63.0
2021-12-08,61.3
2021-12-09,62.3
2021-12-10,60.9
2021-12-11,60.4
2021-12-12,59.5
2021-12-13,59.3
2021-12-14,59.5
2021-12-15,59.6
2021-12-16,58.8
2021-12-17,55.5
2021-12-18,51.0
2021-12-19,52.9
2021-12-20,54.1
2021-12-21,56.9
2021-12-22,59.6
2021-12-23,59.6
2021-12-24,59.8
2021-12-25,61.8
2021-12-26,59.9
2021-12-27,60.1
2021-12-28,57.3
2021-12-29,55.9
2021-12-30,53.6
2021-12-31,54.0
2022-01-01,54.6
2022-01-02,55.4
2022-01-03,58.0
2022-01-04,61.4
2022-01-05,55.9
2022-01-06,59.9
2022-01-07,61.5
2022-01-08,60.5
2022-01-09,54.8
2022-01-10,53.4
2022-01-11,51.5
2022-01-12,52.6
2022-01-13,54.0
2022-01-14,51.9
2022-01-15,49.6
2022-01-16,51.5
2022-01-17,51.8
2022-01-18,50.3
2022-01-19,54.4
2022-01-20,54.5
2022-01-21,57.0
2022-01-22,55.0
2022-01-23,53.9
2022-01-24,52.8
2022-01-25,49.3
2022-01-26,52.5
2022-01-27,54.0
2022-01-28,54.8
2022-01-29,57.8
2022-01-30,58.1
2022-01-31,59.6
2022-02-01,56.7
2022-02-02,58.7
2022-02-03,54.2
2022-02-04,55.1
2022-02-05,53.4
2022-02-06,59.3
2022-02-07,64.7
2022-02-08,65.2
2022-02-09,59.8
2022-02-10,60.3
2022-02-11,59.4
2022-02-12,61.1
2022-02-13,64.0
2022-02-14,66.1
2022-02-15,65.6
2022-02-16,64.8
2022-02-17,64.7
2022-02-18,67.6
2022-02-19,65.8
2022-02-20,63.7
2022-02-21,65.1
2022-02-22,68.2
2022-02-23,65.4
2022-02-24,68.1
2022-02-25,68.2
2022-02-26,64.6
2022-02-27,63.6
2022-02-28,66.0
2022-03-01,66.0
2022-03-02,68.0
2022-03-03,71.5
2022-03-04,67.4
2022-03-05,67.1
2022-03-06,69.8
2022-03-07,71.4
2022-03-08,73.7
2022-03-09,73.9
2022-03-10,72.9
2022-03-11,72.6
2022-03-12,73.9
2022-03-13,77.0
2022-03-14,78.7
2022-03-15,81.2
2022-03-16,81.5
2022-03-17,82.2
2022-03-18,81.8
2022-03-19,84.2
2022-03-20,85.8
2022-03-21,84.7
2022-03-22,82.2
2022-03-23,82.0
2022-03-24,83.0
2022-03-25,81.0
2022-03-26,82.5
2022-03-27,82.9
2022-03-28,86.2
2022-03-29,87.6
2022-03-30,88.1
2022-03-31,90.5
2022-04-01,84.9
2022-04-02,87.6
2022-04-03,87.6
2022-04-04,87.2
2022-04-05,87.6
2022-04-06,87.9
2022-04-07,89.3
2022-04-08,91.3
2022-04-09,93.5
2022-04-10,92.8
2022-04-11,93.8
2022-04-12,91.7
2022-04-13,91.8
2022-04-14,90.2
2022-04-15,90.7
2022-04-16,90.7
2022-04-17,91.8
2022-04-18,93.1
2022-04-19,94.7
2022-04-20,93.8
2022-04-21,87.8
2022-04-22,89.6
2022-04-23,90.5
2022-04-24,92.2
2022-04-25,92.5
2022-04-26,92.8
2022-04-27,94.3
2022-04-28,96.2
2022-04-29,97.7
2022-04-30,99.0
2022-05-01,92.7
2022-05-02,94.1
2022-05-03,91.7
2022-05-04,85.5
2022-05-05,87.7
2022-05-06,91.2
2022-05-07,92.6
2022-05-08,92.5
2022-05-09,93.2
2022-05-10,92.8
2022-05-11,94.8
2022-05-12,96.5
2022-05-13,96.3
2022-05-14,98.6
2022-05-15,101.3
2022-05-16,97.4
2022-05-17,95.9
2022-05-18,96.2
2022-05-19,98.7
2022-05-20,98.6
2022-05-21,92.7
2022-05-22,91.4
2022-05-23,74.7
2022-05-24,81.5
2022-05-25,85.3
2022-05-26,88.7
2022-05-27,90.3
2022-05-28,94.8
2022-05-29,92.4
2022-05-30,88.3
2022-05-31,95.4
2022-06-01,96.3
2022-06-02,97.9
2022-06-03,97.0
2022-06-04,99.9
2022-06-05,100.0
2022-06-06,100.4
2022-06-07,99.7
2022-06-08,99.9
2022-06-09,100.6
2022-06-10,100.8
2022-06-11,100.0
2022-06-12,100.7
2022-06-13,99.5
2022-06-14,94.7
2022-06-15,97.2
2022-06-16,93.4
2022-06-17,83.7
2022-06-18,84.6
2022-06-19,81.7
2022-06-20,86.5
2022-06-21,87.3
2022-06-22,88.9
2022-06-23,91.6
2022-06-24,92.5
2022-06-25,95.3
2022-06-26,95.7
2022-06-27,96.2
2022-06-28,96.4
2022-06-29,94.8
2022-06-30,79.8
2022-07-01,83.2
2022-07-02,86.7
2022-07-04,92.6
2022-07-05,92.9
2022-07-06,94.6
2022-07-07,94.0
2022-07-08,95.7
2022-07-09,87.8
2022-07-10,88.1
2022-07-11,89.3
2022-07-12,86.7
2022-07-13,88.7
2022-07-14,89.4
2022-07-15,92.3
2022-07-16,83.7
2022-07-17,86.8
2022-07-18,92.8
2022-07-19,89.9
2022-07-20,83.4
2022-07-21,85.3
2022-07-22,84.3
2022-07-23,85.5
2022-07-24,85.3
2022-07-25,85.5
2022-07-26,85.0
2022-07-27,85.4
2022-07-28,83.2
2022-07-29,82.4
2022-07-30,83.1
2022-07-31,85.0
2022-08-01,85.2
2022-08-02,88.2
2022-08-03,87.3
2022-08-04,83.8
2022-08-05,82.3
2022-08-06,86.7
2022-08-07,80.6
2022-08-08,87.3
2022-08-09,89.2
2022-08-10,91.0
2022-08-11,83.8
2022-08-12,88.3
2022-08-13,87.5
2022-08-14,83.1
2022-08-15,85.0
2022-08-16,83.3
2022-08-17,84.8
2022-08-18,86.6
2022-08-19,87.4
2022-08-20,84.7
2022-08-21,88.0
2022-08-22,88.4
2022-08-23,85.8
2022-08-24,83.9
2022-08-25,86.7
2022-08-26,87.0
2022-08-27,86.8
2022-08-28,87.4
2022-08-29,86.3
2022-08-30,85.6
2022-08-31,90.5
2022-09-01,89.0
2022-09-02,89.6
2022-09-03,90.1
2022-09-04,89.8
2022-09-05,89.2
2022-09-06,89.1
2022-09-07,90.2
2022-09-08,90.0
2022-09-09,89.9
2022-09-10,89.8
2022-09-11,89.5
2022-09-12,87.6
2022-09-13,86.3
2022-09-14,82.1
2022-09-15,78.5
2022-09-16,76.9
2022-09-17,83.7
2022-09-18,86.2
2022-09-19,84.8
2022-09-20,83.7
2022-09-21,80.5
2022-09-22,77.7
2022-09-23,77.1
2022-09-24,77.7
2022-09-25,80.9
2022-09-26,82.7
2022-09-27,83.8
2022-09-28,84.5
2022-09-29,84.1
2022-09-30,85.4
2022-10-01,84.8
2022-10-02,84.8
2022-10-03,84.4
2022-10-04,84.7
2022-10-05,82.2
2022-10-06,77.8
2022-10-07,74.2
2022-10-08,71.7
2022-10-09,71.5
2022-10-10,72.4
2022-10-11,76.9
2022-10-12,77.3
2022-10-13,77.6
2022-10-14,78.0
2022-10-15,79.6
2022-10-16,81.0
2022-10-17,80.0
2022-10-18,78.8
2022-10-19,80.6
2022-10-20,80.4
2022-10-21,79.6
2022-10-22,76.7
2022-10-23,74.9
2022-10-24,74.9
2022-10-25,74.6
2022-10-26,76.4
2022-10-27,76.4
2022-10-28,76.2
2022-10-29,74.8
2022-10-30,74.2
2022-10-31,76.3
2022-11-01,77.3
2022-11-02,75.6
2022-11-03,75.8
2022-11-04,76.6
2022-11-05,75.6
2022-11-06,76.5
2022-11-07,77.5
2022-11-08,74.5
2022-11-09,74.2
2022-11-10,74.2
2022-11-11,70.9
2022-11-12,69.8
2022-11-13,70.0
2022-11-14,73.2
2022-11-15,72.1
2022-11-16,68.7
2022-11-17,65.2
2022-11-18,65.7
2022-11-19,66.5
2022-11-20,65.8
2022-11-21,66.4
2022-11-22,65.4
2022-11-23,65.8
2022-11-24,65.2
2022-11-25,66.5
2022-11-26,64.1
2022-11-27,64.4
2022-11-28,64.5
2022-11-29,65.0
2022-11-30,65.6
2022-12-01,63.9
2022-12-02,64.6
2022-12-03,64.9
2022-12-04,63.1
2022-12-05,62.2
2022-12-06,60.4
2022-12-07,62.0
2022-12-08,62.8
2022-12-09,63.8
2022-12-10,64.6
2022-12-11,65.0
2022-12-12,63.4
2022-12-13,64.0
2022-12-14,60.9
2022-12-15,60.5
2022-12-16,58.9
2022-12-17,60.0
2022-12-18,59.6
2022-12-19,59.1
2022-12-20,56.0
2022-12-21,56.0
2022-12-22,53.4
2022-12-23,55.3
2022-12-24,52.0
2022-12-25,49.5
2022-12-26,47.9
2022-12-27,50.6
2022-12-28,56.5
2022-12-29,59.4
2022-12-30,59.9
2022-12-31,57.7
2023-01-01,56.2
2023-01-02,53.6
2023-01-03,51.5
2023-01-04,49.0
2023-01-05,47.6
2023-01-06,47.6
2023-01-07,46.9
2023-01-08,49.2
2023-01-09,51.5
2023-01-10,52.1
2023-01-11,54.3
2023-01-12,57.9
2023-01-13,59.0
2023-01-14,52.9
2023-01-15,50.8
2023-01-16,52.1
2023-01-17,51.9
2023-01-18,53.2
2023-01-19,59.3
2023-01-20,59.8
2023-01-21,58.7
2023-01-22,60.0
2023-01-23,63.4
2023-01-24,62.7
2023-01-25,59.8
2023-01-26,54.9
2023-01-27,54.2
2023-01-28,57.0
2023-01-29,56.0
2023-01-30,58.5
2023-01-31,58.7
2023-02-01,57.2
2023-02-02,60.2
2023-02-03,61.8
2023-02-04,62.2
2023-02-05,63.8
2023-02-06,69.1
2023-02-07,63.8
2023-02-08,62.7
2023-02-09,68.2
2023-02-10,70.2
2023-02-11,67.9
2023-02-12,61.4
2023-02-13,59.4
2023-02-14,63.0
2023-02-15,66.2
2023-02-16,68.4
2023-02-17,70.6
2023-02-18,69.8
2023-02-19,72.4
2023-02-20,74.6
2023-02-21,74.7
2023-02-22,68.5
2023-02-23,69.7
2023-02-24,70.2
2023-02-25,72.0
2023-02-26,74.4
2023-02-27,74.1
2023-02-28,75.3
2023-03-01,73.7
2023-03-02,74.6
2023-03-03,74.7
2023-03-04,71.7
2023-03-05,74.4
2023-03-06,73.6
2023-03-07,74.2
2023-03-08,74.8
2023-03-09,74.9
2023-03-10,74.9
2023-03-11,76.0
2023-03-12,78.7
2023-03-13,79.5
2023-03-14,78.3
2023-03-15,80.1
2023-03-16,79.4
2023-03-17,75.7
2023-03-18,67.0
2023-03-19,69.5
2023-03-20,66.7
2023-03-21,68.2
2023-03-22,70.6
2023-03-23,75.3
2023-03-24,70.9
2023-03-25,74.0
2023-03-26,75.6
2023-03-27,73.4
2023-03-28,75.9
2023-03-29,77.2
2023-03-30,73.4
2023-03-31,70.1
2023-04-01,69.9
2023-04-02,75.6
2023-04-03,76.3
2023-04-04,76.7
2023-04-05,77.8
2023-04-06,80.1
2023-04-07,79.1
2023-04-08,80.3
2023-04-09,81.9
2023-04-10,82.3
2023-04-11,84.4
2023-04-12,85.5
2023-04-13,88.0
2023-04-14,88.9
2023-04-15,90.8
2023-04-16,90.3
2023-04-17,90.8
2023-04-18,92.8
2023-04-19,87.3
2023-04-20,83.6
2023-04-21,84.6
2023-04-22,85.2
2023-04-23,79.4
2023-04-24,80.2
2023-04-25,82.0
2023-04-26,85.5
2023-04-27,85.6
2023-04-28,82.0
2023-04-29,82.1
2023-04-30,78.0
2023-05-01,71.0
2023-05-02,73.8
2023-05-03,72.4
2023-05-04,77.6
2023-05-05,83.1
2023-05-06,84.3
2023-05-07,84.6
2023-05-08,85.3
2023-05-09,87.4
2023-05-10,86.8
2023-05-11,88.8
2023-05-12,92.3
2023-05-13,93.3
2023-05-14,92.7
2023-05-15,93.0
2023-05-16,92.3
2023-05-17,90.8
2023-05-18,86.1
2023-05-19,90.5
2023-05-20,93.4
2023-05-21,98.3
2023-05-22,99.7
2023-05-23,96.1
2023-05-24,84.7
2023-05-25,82.2
2023-05-26,84.3
2023-05-27,80.2
2023-05-28,85.3
2023-05-29,79.9
2023-05-30,80.7
2023-05-31,77.6
2023-06-01,79.3
2023-06-02,84.3
2023-06-03,87.3
2023-06-04,85.0
2023-06-05,88.9
2023-06-06,89.4
2023-06-07,90.7
2023-06-08,94.0
2023-06-09,92.7
2023-06-10,93.4
2023-06-11,91.5
2023-06-12,95.8
2023-06-13,97.5
2023-06-14,94.6
2023-06-15,92.1
2023-06-16,89.4
2023-06-17,90.6
2023-06-18,87.9
2023-06-19,83.4
2023-06-20,88.7
2023-06-21,87.8
2023-06-22,90.5
2023-06-23,91.4
2023-06-24,88.6
2023-06-25,79.3
2023-06-26,83.9
2023-06-27,85.0
2023-06-28,84.5
2023-06-29,83.8
2023-06-30,83.0
2023-07-01,85.0
2023-07-02,88.0
2023-07-03,91.8
2023-07-04,86.8
2023-07-05,84.6
2023-07-06,82.5
2023-07-07,85.3
2023-07-08,81.0
2023-07-09,80.3
2023-07-10,81.6
2023-07-11,83.7
2023-07-12,84.4
2023-07-13,85.2
2023-07-14,85.0
2023-07-15,84.5
2023-07-16,84.4
2023-07-17,86.5
2023-07-18,84.3
2023-07-19,87.7
2023-07-20,91.3
2023-07-21,91.1
2023-07-22,89.4
2023-07-23,89.5
2023-07-24,89.6
2023-07-25,86.8
2023-07-26,81.7
2023-07-27,85.2
2023-07-28,83.0
2023-07-29,82.0
2023-07-30,86.2
2023-07-31,88.9
2023-08-01,88.1
2023-08-02,86.3
2023-08-03,86.6
2023-08-04,84.7
2023-08-05,85.8
2023-08-06,87.7
2023-08-07,86.5
2023-08-08,87.4
2023-08-09,86.8
2023-08-10,87.3
2023-08-11,88.3
2023-08-12,88.5
2023-08-13,87.5
2023-08-14,86.7
2023-08-15,86.7
2023-08-16,89.5
2023-08-17,90.2
2023-08-18,90.5
2023-08-19,85.9
2023-08-20,88.8
2023-08-21,90.4
2023-08-22,86.8
2023-08-23,81.4
2023-08-24,84.7
2023-08-25,86.6
2023-08-26,87.4
2023-08-27,86.8
2023-08-28,87.8
2023-08-29,88.6
2023-08-30,88.5
2023-08-31,90.6
2023-09-01,92.0
2023-09-02,89.4
2023-09-03,88.7
2023-09-04,88.8
2023-09-05,89.5
2023-09-06,88.4
2023-09-07,87.6
2023-09-08,81.5
2023-09-09,79.9
2023-09-10,78.3
2023-09-11,82.1
2023-09-12,85.0
2023-09-13,88.0
2023-09-14,89.6
2023-09-15,83.7
2023-09-16,81.7
2023-09-17,82.8
2023-09-18,84.3
2023-09-19,87.7
2023-09-20,88.3
2023-09-21,87.6
2023-09-22,87.3
2023-09-23,82.0
2023-09-24,85.5
